timestamp,verification_latency_ms,gas_price_gwei,submission_interval_s,session_id_hash,label
1700121883.9929776,200.8767251732784,2.0410676942134085,260.2705422076606,9a207b5b738ea0f8,normal
1700027104.9738011,304.0004698949994,3.450303345882087,61.58197019681109,0a33d48b785e5a4c,normal
1700295129.9283164,367.51908066781436,26.46173554878843,316.43718946771094,d0f7bce47cfb7c3c,normal
1700311543.8927827,147.35679936229383,2.5467046095153982,-4.856357787892514,ff5484cba837aad7,anomalous
1700017062.3961854,92.64137661998589,15.683568016998358,408.2069107996502,b4c0b9b4ed33ed29,normal
1700095742.9467008,140.23294339582407,17.992879848785588,177.14548098088906,e88f10e7f0682056,normal
1700078369.37711,120.73083557591728,6.387217911261528,170.47744733853528,58b76741c341b07c,normal
1700102227.2078025,238.62961819246541,24.75679649952543,494.7591429203064,c67f80a090348a97,normal
1700265284.482305,77.82694708232958,22.774253669657412,70.89643944585895,0c92fb0d12f895c0,normal
1700041140.4064162,242.2005342598878,13.511127660216813,473.52217208164257,6fb79cd32d3ace07,normal
1700259777.6971655,385.1926928053981,26.383540025874606,480.01873359211737,f415a79bd2c6f2c3,normal
1700144774.5957437,193.51707542024798,14.903095169370843,121.32001730096947,d2aa58d0fd57ad87,normal
1700240994.0448637,111.24224312062086,23.17954801772273,507.4231254285161,7af108a04dddb141,normal
1700154898.869845,353.3130912537854,22.635971389821588,158.27950662831168,441ecd4b8be081ef,normal
1700008897.1784413,209.52170144176387,6.868537579061679,542.0484259435858,979442b1474f6d9d,normal
1700172653.1166868,128.25661230661643,14.191937650246526,30.318331499832027,0c33e85f51a1a00b,normal
1700311540.6632128,367.9209864395587,26.810425550637728,-8.085927639159724,62722bbb15ef553e,anomalous
1700217975.0922987,380.4502764766961,15.64944845090371,227.16320823891147,20e983d5ec93aad8,normal
1700140448.2344851,327.55174263587065,25.587269149485984,138.98071133279956,c6796323ebbb2e61,normal
1700303629.7311726,50.224806294955805,19.701320325658006,1.1839673905966237,b7be490ca3df1e8c,anomalous
1700032431.843985,153.37565887043144,14.297894372157982,496.1127091618111,cee4fc96890653ee,normal
1700049651.0673184,58.68809612950039,27.896353296616773,119.0037907493064,0ce086577dac8c12,normal
1700024309.1026018,237.62381258167306,15.912463235522019,85.05856400582252,14f43d499a505b3a,normal
1700100367.1383564,312.0872728834692,24.240293581438966,196.3196809333352,20032a532acb4022,normal
1700155582.0557687,130.76120684352594,1.7882818714299658,151.1913470820137,d1eb88b3e77a7d54,normal
1700149067.061686,253.92552226008814,12.457953288888834,305.63976876439204,cf81ffaac77cf37b,normal
1700212141.484518,238.1031506738918,15.12634717757623,253.062959347653,8655f7aec6c60749,normal
1700203127.2222166,65.11132876990959,1.140862795541092,438.4467108066492,73dd178460763ff6,normal
1700162818.12804,372.5897444831496,15.311690832653891,291.5469955775959,838e2fcbd8b51f13,normal
1700166028.021697,253.8556595387821,29.812153171229447,161.40844263507068,eb26b2e88edbc49a,normal
1700248124.910825,114.33284335747518,5.806835458428224,439.9627745233043,574000dd2705722c,normal
1700164336.5412898,103.9990938947166,28.29121225817622,344.13982763844956,14f43d499a505b3a,normal
1700179477.8839903,277.7781064012079,4.3610670942582335,572.0202211282615,a41cec9bbb8b7e08,normal
1700238567.8759615,130.48180623652132,5.941353765600121,536.0281806397476,63dd92b5782fd13c,normal
1700029775.2497742,377.6446121815104,13.699217078763844,92.93110666260404,3040d79227ecb5dd,normal
1700280523.3232605,71.89989054615577,4.175132445323641,7.151665647039858,a1ae30cbe6ed324e,normal
1700137502.9219344,134.26357492499432,11.463506281107945,493.2314641707171,d6aca7f3b913c7c8,normal
1700097693.2734191,144.72125329480116,26.66062272568446,475.4890944681164,ad3e42af8fd3c3fb,normal
1700070014.6313198,51.402661656668826,1.4808142550291508,595.1058131775828,bb1ce65a3a5e685c,normal
1700108174.8776262,214.484579100569,14.806660943681159,534.7070572850532,b1f163b03e916aee,normal
1700153858.8955302,58.55779430870521,7.384578843416691,498.60926840599444,b04321ec129b06ad,normal
1700183045.5486557,68.10252208323686,28.417080600758506,82.89818072716693,20e983d5ec93aad8,normal
1700238955.3442013,390.1980199456196,8.17044062589634,387.468239778481,22a2968b296f1514,normal
1700303632.834586,288.48045100783463,9.064147151880666,1.6388793000522457,b7be490ca3df1e8c,anomalous
1700216700.0138204,81.64282746516415,18.175973562887727,409.0356759913559,f8bee4e8ff8c80a3,normal
1700074172.4029052,214.43031086118975,22.271352232322066,131.22770747636434,e5e8baa0a85bcc7d,normal
1700272705.8086922,66.61572410158303,3.423298932305869,281.9724983155892,8961f75e70dcbfd0,normal
1700024753.0138981,98.9189438338849,14.858440946688628,163.5456739130034,4133b60bb938e189,normal
1700209228.4955015,177.76653640966543,5.348302860087759,154.25747053479768,3aff714e0fd5fbea,normal
1700158708.6859336,299.4623928164549,13.974389801971174,315.6644302773748,1f58eeb3fa7506ae,normal
1700201164.242431,344.8592505084336,26.20255980203308,453.9693257865806,9dd681ca5d562cb4,normal
1700139037.4861028,353.5102968123471,29.966059482676098,387.5840618877954,cf7fb53293f86b7f,normal
1700190930.6466851,142.8247096393981,12.389315350950836,271.68857210484384,b504951a2fc92466,normal
1700273392.638448,166.01601328069341,19.746384103690183,407.2312812531801,5ed697c6f454c438,normal
1700169646.739013,111.95049389246937,20.020312968502378,193.23506711534552,574000dd2705722c,normal
1700142934.6212175,132.33973594547575,9.010013540240415,489.6119562384057,d9f038cc4b2580b9,normal
1700039663.0998976,263.8456414628199,19.404244405129628,259.6024121404032,7103b0e2632b6983,normal
1700090375.77918,246.63662552204977,21.87369351562484,244.86842145085373,0c92fb0d12f895c0,normal
1700217712.9531462,303.16211583850475,16.07285613117945,519.1444705201305,c83064715ca78a8e,normal
1700021909.4750423,103.76468831722052,4.349211846295294,174.40844899107165,629bc16b56f2cd17,normal
1700253950.6550083,127.63815576113724,1.702651268539961,331.2966529406573,05b43cae43d06f6b,normal
1700169195.6388478,166.74247426742437,10.589632911444223,450.7586236027421,09b28495b473954e,normal
1700308777.0741756,95.50874825626605,0.025060456676923228,175.66715503469055,c75e352800723a98,anomalous
1700298639.2168124,337.57425725421444,21.064510130341525,200.21998146816875,069abc87b2230ffa,normal
1700110853.6423438,224.52384140671032,15.316490211848729,587.2873156207611,0f1b6837b09d1cff,normal
1700310249.5185473,387.4989270464378,0.031090569222656857,195.74751715769415,7122c65c973a2570,anomalous
1700163992.401462,306.7132549799426,1.9323235462826558,462.69933587244174,87d0c94dd87da229,normal
1700020261.447863,261.087505068554,12.96457550893673,521.3046774967266,8b0844cf5149c3ea,normal
1700093905.0763915,240.59194071446885,15.204903426681419,196.71832592464827,7439f803ce903883,normal
1700063502.493223,122.45718953368419,9.760075494725516,420.4228867378985,c23eed0a6d8803c5,normal
1700275581.58241,199.37846758253238,27.132054081369628,566.648539888245,629bc16b56f2cd17,normal
1700014050.514911,377.61524951713716,5.773626709878526,157.29922888772364,c10147f3af6ecb3e,normal
1700072434.6017513,243.739294031364,12.488828501718219,368.4082292750739,4e529c368446e150,normal
1700272423.8361938,347.59183479759287,28.972854928653025,550.0547071245875,ba85344e0500b4d8,normal
1700303646.2709107,128.83673146282743,10.570705954211315,1.7831885207739802,1db48f28c5980f3e,anomalous
1700003072.101573,95.47252686741507,14.795442860552079,117.73545865514998,7d75e40282f3d86d,normal
1700214282.7997499,282.5207039519888,13.676713223794222,354.5754594146802,4bd8b4ae7bb16495,normal
1700139975.7169654,223.0100867371162,12.813509248026197,288.9343768033402,8fb41853343d8950,normal
1700220656.9251766,196.91787848456553,4.464004641932311,280.2470361229309,bb105dc19bef35da,normal
1700226533.8588793,350.63818739270073,4.54639657888174,419.55134243835926,ad3e42af8fd3c3fb,normal
1700194460.733722,282.02355803792227,4.4416436452865025,158.8415209985003,93b6e681d2404e86,normal
1700108587.7704995,175.07936822571895,8.67940814232581,37.88589365323044,e88f10e7f0682056,normal
1700167182.3325665,121.35121956534037,16.32771013933113,560.0954077798356,c67f80a090348a97,normal
1700115600.3870974,213.01510412503924,1.1587201562041969,300.36840205138844,76e0ec6957252ecc,normal
1700253239.410361,210.20731532752706,1.5875727179200358,374.7677518686568,a9a06bfe2fc40bec,normal
1700170918.7823005,280.99518548299,22.019687845159318,125.66031930244951,8e436ef8af0de157,normal
1700187791.863656,134.0871318978746,8.94327888957531,69.40841767753994,13d246d795c82b06,normal
1700303720.3606846,348.18776246055677,409.10461182656104,73.0949647878224,602b9191294acee6,anomalous
1700182962.650475,392.316011025793,14.771428257795414,290.48010913931626,c295694a1a58deaa,normal
1700098350.007867,243.2647249957655,15.52221832332807,256.97975983439403,bb5bc091161dc8ab,normal
1700046517.667012,65.6271811409976,7.752716263367481,544.7266551829479,0b15cbce3571428f,normal
1700154740.5903382,380.80190068477043,2.475541301805424,240.8795600420632,6a4e30d9b5c40135,normal
1700101732.4486597,108.8002970022549,5.259048309820723,494.76075386263096,7565da98fd4d9626,normal
1700285448.9805908,81.56019177132191,13.567843577322844,255.52767323244868,ce116436afa8416a,normal
1700288982.7197192,380.4509763311631,8.97415534127638,137.70649615898571,289cc5cf70e190d8,normal
1700065990.3438215,371.588117735739,1.2685336728125791,87.23219612492579,bf5ae1b8c62618b5,normal
1700097217.7843246,393.287400936562,3.019578461150444,560.0759655358856,dd5f130daff4b63b,normal
1700030477.6044576,217.77934744358913,11.91442473094396,469.2793888760884,2526759ab02bcb31,normal
1700247609.1286812,222.36202095015153,2.777817907429826,598.9459462651231,8fb41853343d8950,normal
1700196208.9648674,174.30771044785513,14.121056810207982,192.2568812418912,89632458243fd578,normal
1700248649.4885871,292.7268985246212,2.1584475029111685,524.5777621305591,021f3c3165ad58b6,normal
1700028359.6151655,232.92112142959297,23.15377831019105,282.26116602383024,18a1a9e3a41631a0,normal
1700191700.5927305,140.0803095693011,15.577700419085941,253.5572553858896,bca75cc93d8228c2,normal
1700265634.5497706,298.13058165756627,28.496282850930186,170.7706013169033,b6859a0bfa8fd4fa,normal
1700022304.1658814,288.25008437982723,12.41528324812882,356.73057058602785,4dae2c973af62f34,normal
1700158393.0215032,270.81920272042925,26.583077039539493,465.7782367187528,bbc554bcfb8c14e5,normal
1700202321.8111887,317.47362235304087,6.794052989085845,533.3771111453929,7af108a04dddb141,normal
1700105723.1428666,67.3106980011055,18.445195121224454,20.813770173388562,2f0d5af0f952d0d8,normal
1700194998.097228,115.09104695649822,10.374710646588033,537.3635061202655,2526759ab02bcb31,normal
1700083496.1291635,383.28740054598916,14.978892028004166,79.76999245677891,b4c0b9b4ed33ed29,normal
1700040244.1929464,250.3602765927405,17.407385112525706,139.22775658150553,def4b164409de678,normal
1700303641.2001975,67.05284936345467,1.4782465103518474,1.020330092482757,7c43989f2db280e9,anomalous
1700242835.7425845,233.78263167070233,19.930829510248135,406.12107503990904,441ecd4b8be081ef,normal
1700160114.3488963,151.44193984732203,17.07428198606641,343.4561142036698,63ee561538e490e0,normal
1700164714.3916245,164.18342675741985,19.605278452966214,377.85033453000153,c1fd132da7899c2a,normal
1700010982.3242335,323.9573295376002,3.3991699977507186,291.9705449810256,c921285c9440c4a6,normal
1700008355.1300154,207.27652575032604,8.895005293509612,431.5496625496024,b9de80ce62a2b779,normal
1700130750.458692,115.76625266276685,4.1120585221430925,562.3184666597504,cb10952e42586f3d,normal
1700231265.3678474,300.8179648545596,23.039565333388424,123.03786315250919,a990d06edc39cafc,normal
1700093340.272736,190.0215061471644,26.378120786352838,18.820411496321295,920b0795875f760d,normal
1700142445.0092614,99.01939164132172,20.653549819179617,548.4046843026756,c83064715ca78a8e,normal
1700015234.869581,377.88460268682275,7.988146675164858,161.1640069741045,a5089dd3303d1513,normal
1700006766.375056,334.90713463311215,5.842214677323414,246.80018255684197,f44de1935fd20587,normal
1700074041.1751978,350.64400119519985,27.464899580116004,123.72748577519677,1066ccb11450f106,normal
1700286454.2294803,139.57867865826032,29.982858836242468,194.90851320156114,b6594729ee9f253c,normal
1700055435.485873,350.3438566186881,1.1305036232501147,375.02917515827124,f8828742d53f3763,normal
1700285132.3861482,61.763489215187825,8.993416481417679,400.46091360110034,07ed63ea39815de6,normal
1700131706.2668881,257.5348209023656,7.61106539447229,44.76132404737043,f3301ebf6dd67254,normal
1700060019.305391,368.17268504803195,16.3567196032671,198.57892465742285,20e983d5ec93aad8,normal
1700001555.6728008,275.35279202823256,24.86008678485407,556.425168364918,2f0d5af0f952d0d8,normal
1700206305.3510983,339.36682596323146,5.0188359918314225,229.15749053408527,89632458243fd578,normal
1700144653.2757263,311.47653022046023,11.774753043784486,240.16461898654214,c2c8fb42e00b1450,normal
1700210979.9382892,396.9356198490097,8.470905262316377,359.1376645146284,d78874f3ea51a204,normal
1700297794.2345157,52.479873959481814,18.290942876890057,196.79156982078632,6fb79cd32d3ace07,normal
1700106379.78657,246.42807376151546,12.175714944855986,496.83383337146836,e23af160d22f189f,normal
1700291083.0061817,165.61126002139883,21.127305382398266,192.24644861409422,8338560c5207bf85,normal
1700016654.1892745,54.87770069787054,7.6600248699668025,90.61901401799422,884469cede0d51d7,normal
1700018285.4905968,282.0024744672538,28.71307445436213,295.7075069841623,22a2968b296f1514,normal
1700058344.5929933,295.3083535422305,18.26117237198778,598.5601221714358,307f595da5e8f7ab,normal
1700102287.3976686,188.06853127856405,22.396129127084812,60.189866067574386,cb10952e42586f3d,normal
1700028077.3539994,109.95195643247608,17.383567732700815,371.61859151435215,822584b2c67cc029,normal
1700291806.6304348,198.51775012305401,1.2937507829023058,306.81293631472096,b04321ec129b06ad,normal
1700228988.1563566,222.49323002407377,23.413957525750874,492.4593344081919,96e08f65161c37f8,normal
1700182657.5132444,167.70004064957658,29.64177598493739,92.31222375855323,f167694985386272,normal
1700171868.0541816,275.4032905074539,18.701719166054907,266.3112153575311,2aa738bd2d317dfb,normal
1700196327.041771,364.4313843787811,8.345920420463667,118.07690349596002,20032a532acb4022,normal
1700063010.668117,230.63073043998935,10.064528521828933,275.7951162349986,a4cd837c82018a0c,normal
1700065272.9468243,289.14042518058454,7.619333388439196,290.5187233278838,f3438552764e10f9,normal
1700208632.5386295,282.8248879614424,20.871223961617854,532.369220240149,58b76741c341b07c,normal
1700177930.7845378,102.70940053505123,3.5636664303195578,592.4510088745005,51bf81d8c350cda3,normal
1700053504.9089239,392.2709426758441,12.935704063627737,281.65920643522355,c41d5b8d56d26ce4,normal
1700019097.514313,388.1811692501136,18.285234043796812,254.37301999320078,d6aca7f3b913c7c8,normal
1700079475.4922569,356.84877904261674,27.147613753426715,460.05811380130444,07ed63ea39815de6,normal
1700019581.1090577,213.58356054435203,23.758140028313434,483.5947447897176,bf5ae1b8c62618b5,normal
1700208005.842323,225.2312942314444,29.683666245497168,295.894489375049,982c89b343663bcc,normal
1700003897.2986355,159.32832448371437,25.13553424046083,421.65773569133825,1316cd9d1deba244,normal
1700103021.5177572,178.76651907763616,7.356487277880337,281.4843845251111,2eaaa0556272766b,normal
1700177338.333529,140.26290320172797,21.094871126989794,556.3689404083627,89728fbf2cda88f1,normal
1700163395.6370332,207.70176226030856,6.24564847934062,577.5089931781476,63dd92b5782fd13c,normal
1700303639.8735528,227.08754650778005,13.537433580204134,0.8237866612924047,ba2f8b0b880891dd,anomalous
1700181172.183558,209.79156304791826,12.428087250885552,152.7350774917492,c58cc72b2b193352,normal
1700257587.4510536,255.85122183992456,11.59035638761095,411.9800616188284,d9f038cc4b2580b9,normal
1700088694.4700358,287.3329213079399,25.534219277929353,110.45512324331717,8af3d9b91bb94ce6,normal
1700290696.5115657,287.2799806523791,20.34190274333878,290.9624433532087,2cda1885e5d1cf27,normal
1700199562.494781,232.69303994131775,27.38412971900879,579.8905620940649,acb959217b18c515,normal
1700276118.7618518,69.88618743999349,23.53030459374808,506.61965337462203,13d246d795c82b06,normal
1700051713.666393,243.5863308439463,19.968969874988346,266.85277621878436,b30ca6eed47b6826,normal
1700213928.2242904,294.0457816404752,28.752175954292603,196.86567455615773,052372a2dedfb95f,normal
1700201788.4340775,296.3221930890786,6.926426811137525,206.71905742229677,a55ac636363ee597,normal
1700240486.6217382,297.34357245962906,17.683553626226562,320.12701837089287,8fa8b27279f4dab4,normal
1700081116.2125912,307.29529963187167,9.584953024390746,352.6155767364248,76e0ec6957252ecc,normal
1700075385.829273,352.95038876235986,24.144825638731657,542.8641080724339,07ed63ea39815de6,normal
1700000999.2476325,94.83977143644105,14.061192198971447,472.7082616397875,27bca1cae8e39194,normal
1700140972.6171348,361.46465247531586,10.11609033626724,524.3826497503151,481aff3824afc7c9,normal
1700187709.0510218,112.26937090365057,18.780173150830045,322.2836368498664,cd61353fa1df0c76,normal
1700257946.0562382,122.6730102328719,17.330930763968183,358.6051846682232,4e5afb13fdb04aff,normal
1700233266.7270443,208.5045579992063,27.881520992242848,448.02495691322997,dff92eedf152e50a,normal
1700088584.0149126,382.521383118553,10.93869563989372,286.3064637916039,b65146bf9c04186d,normal
1700171569.3948328,175.88320278331383,7.508060887565903,288.9535814355989,abd7e9c9370ab84a,normal
1700247010.182735,287.8198263903364,23.341466112258484,215.20728191498335,2eaaa0556272766b,normal
1700084223.9312916,60.51910256641257,4.449646011466128,155.64484064532792,ce02b04c00130f43,normal
1700108336.5866811,287.83445322313526,7.208676390764886,121.31447320129243,d2ca3819cb355bbf,normal
1700198982.604219,182.60378472178502,18.038065284119376,464.2570218021358,3449347a5a6df44b,normal
1700060375.7985437,278.70372315332327,9.682115453929942,356.4931525274408,ca8c09c3fe18df85,normal
1700185107.7851534,286.1844633420544,8.640787417490213,112.88626796568217,76d021ce06da8d4e,normal
1700250945.2501707,277.43959789714745,8.843632302091889,387.6846884063328,335e60601c920179,normal
1700183350.46668,81.74561813148901,13.285998495967547,304.9180244059078,c83064715ca78a8e,normal
1700191188.5827513,357.7941067206898,8.839888145301533,257.93606603542236,c67f80a090348a97,normal
1700250557.5654824,339.2436924904482,20.83149584568822,280.36536800098713,8fb41853343d8950,normal
1700085610.9439046,336.407754046352,22.506824349213943,593.219319619148,2f0d5af0f952d0d8,normal
1700064476.9118958,200.96445705125737,23.636852988270945,203.19102580132952,c23eed0a6d8803c5,normal
1700261292.5203965,85.26653239248057,18.173183561664413,582.0272561116781,e64e2629b8d35b9c,normal
1700279565.365189,82.93475732267864,5.474807842957849,335.23109633424366,8e4eeae04ba573b2,normal
1700230861.0110166,270.55318924603466,16.10829334991743,533.218197049763,24b3b5243ab912bc,normal
1700178591.4209812,149.79284014531606,10.716359447648907,453.49355438815365,209b0d3325245ca9,normal
1700290405.5491223,223.4219694440388,11.333207026051243,200.72147203351312,0cf21fa0527500c7,normal
1700218643.2551455,385.68362217988874,12.662004172203064,367.15255281293634,8dbde6785030bfb1,normal
1700029682.3186677,177.46720622021888,10.118759425923624,165.96828984155454,3c8458340d09e3d1,normal
1700266696.0760527,182.2960356190318,23.90727347033204,363.4380924812792,24c34feb61040cd4,normal
1700015734.381621,103.6495108185729,6.198780936574433,499.51203991431913,ecb6c9dbdb1f658b,normal
1700034747.2208092,62.656948673143674,1.1574651897323134,395.4800783998566,3040d79227ecb5dd,normal
1700261967.008666,114.1613566543391,14.604869672191388,346.4379547046355,38e2a74808204d84,normal
1700006885.845448,225.36567128617725,5.417050978681884,100.95670852499306,534b7df7e3bfa3cd,normal
1700020794.9163492,136.74384703297534,7.863208526929853,275.06864483539835,481aff3824afc7c9,normal
1700263130.7888188,262.1877168075495,2.9242313093468506,64.20823750494701,f3ca6d9eec333091,normal
1700012486.2304387,285.2840325639341,9.155779731331242,69.60256597558892,b5c5e8a26a19f212,normal
1700133945.5617442,198.77861862994592,24.551565874424718,225.69283131729318,2bc27a28e7497abc,normal
1700299464.588448,327.1465514268759,14.083226576323483,17.163574969936747,86aa150d2cc2e79f,normal
1700172335.160001,333.68190048092913,21.639468806662247,467.105819353786,021f3c3165ad58b6,normal
1700105369.5383792,151.17925357336708,22.307028792636817,395.3639580615627,822584b2c67cc029,normal
1700245699.5107741,238.7089023249492,28.113776689109677,413.67549163104775,cee4fc96890653ee,normal
1700241950.098773,343.0842174068989,3.3427755541965025,435.7872900496872,9109b79ab60eeea3,normal
1700080065.0004334,383.5496964687935,3.082842074583647,589.5081764471968,20e983d5ec93aad8,normal
1700092056.2081575,351.22064048864553,8.153730939558272,468.00009641368734,c549ff40d565a2cb,normal
1700219012.1574852,124.10938597164372,24.76407191079448,333.5906066046857,335e60601c920179,normal
1700299950.4317088,266.9001104251184,9.73642949394165,476.8473692179459,37e332c8ac991254,normal
1700214881.4118483,106.13626342370763,6.869753105609107,598.6120984414883,069abc87b2230ffa,normal
1700171280.4412515,383.601932969384,15.327844506191534,361.6589511050615,2cda1885e5d1cf27,normal
1700139686.7825887,78.40390014836476,1.4583611077638814,279.2541776885006,fbc3c98c1d7efb1f,normal
1700269240.7074258,103.0822980728056,7.2515505995763325,372.3215244557832,c9e3327a32cf8bc4,normal
1700063082.070336,184.57653229647482,2.755325073969548,71.40221910828988,316a5f2ab04a4506,normal
1700278368.9182987,227.53196214628719,28.173435025411646,7.596354801255643,0dfc33bc32ce259b,normal
1700304910.4841523,230.0117665901392,363.32080619329565,375.5013498918461,e45125a8ab949326,anomalous
1700148761.4219172,133.41848527672104,15.583373172430244,75.11712103896949,e2939cb5a3174883,normal
1700189532.2595773,363.42660201890953,13.596128198533577,507.3420527615545,c58cc72b2b193352,normal
1700125172.1505861,328.5259978084395,16.824595128350385,80.52647779059727,8e4eeae04ba573b2,normal
1700017480.4823346,253.39081322731582,6.793493898141671,418.08614920751745,a5c5d96f99712d78,normal
1700280737.586183,295.44478248827517,23.928815391414354,214.26292255590675,699679a5dd94e885,normal
1700217747.9290905,100.05259046423478,6.5977304966417485,34.97594428168984,92bcbff5e93a4c99,normal
1700025866.198257,237.4021764405011,25.60825417443511,200.37491697778984,c23eed0a6d8803c5,normal
1700266332.6379602,99.45124348048519,8.741075819194126,191.9221584066137,fbce6cd73f4ff777,normal
1700256342.5821965,349.03747684772446,1.9996587921501208,150.2508496759181,9a292cbd1123132d,normal
1700161525.6170259,224.71797889777818,18.971862292009565,286.17081008543,0dfc33bc32ce259b,normal
1700219812.16905,147.01934907368894,2.5464274630668786,498.3445417557214,f8828742d53f3763,normal
1700149615.3881674,136.35376871781494,22.359173313354752,548.3264814565887,d870ca7b3002213c,normal
1700292602.7450302,372.83635089847064,17.14814007475264,520.4340851825036,09fb6c4927387b9a,normal
1700266739.428225,138.86188077283498,7.672991467662839,43.35217231067071,8e436ef8af0de157,normal
1700278361.321944,353.4519602998092,11.575670420985093,28.908035713939846,844f3b372b3bc0aa,normal
1700133719.868913,281.88535802816995,20.48377146980795,211.86581272736245,f415a79bd2c6f2c3,normal
1700110266.3550282,332.16683790565384,5.939894616097047,348.2322703060678,75985cf181ac5c2d,normal
1700123507.5408492,342.1476825144276,5.516972458262802,40.59548070379302,78be97d1184e0d7d,normal
1700087621.8394747,95.1605200137146,5.417474594569695,277.6659147142258,8c82d971bd4859ca,normal
1700100664.436537,362.56085683770607,5.17335218627819,297.2981806028629,dcc98f81cb91ec65,normal
1700089562.1270766,235.99483405903533,20.139875845233387,595.1255913160888,572a791fcc4a1235,normal
1700156478.6820552,216.64683738164362,14.036434992582105,321.30968662378643,f3ca6d9eec333091,normal
1700054578.9381006,320.8022389630692,26.098239893614224,429.38862680546043,b252f29c8fcad3ab,normal
1700147970.6385586,323.2934240816668,28.21683230987091,81.3344888141165,07ed63ea39815de6,normal
1700031069.6502268,301.2160826012752,28.58464514011139,592.0457692299716,783679ce339bdb4d,normal
1700166622.2371588,234.3706309768077,19.53178909767554,594.2154618201889,78be97d1184e0d7d,normal
1700165267.3102307,314.6326016994985,25.642175550635585,302.6247413414445,d0183c336a101e93,normal
1700286886.849835,66.57732065475079,2.794678833741717,432.6203545451921,9a207b5b738ea0f8,normal
1700169815.382482,72.73137272348026,2.5931146867324086,168.64346917500046,df5a3209a7c02e59,normal
1700144099.356895,397.9272203583325,2.1206849849796536,344.8445804231659,dff92eedf152e50a,normal
1700126737.256103,105.13316946111782,6.96877399737722,25.929709399729752,9dd681ca5d562cb4,normal
1700091129.2011924,192.85483388085456,13.76145313877302,208.7056478135322,e0a2466e56fe02d0,normal
1700138238.3847573,159.8463702390763,8.911325574229235,452.309521992315,3ffbb8decaa0eb62,normal
1700093708.3580656,205.38001023859172,28.14218748363605,368.0853294377813,c3cd381d0aba791a,normal
1700241514.311483,61.527605144426175,7.533622824687668,300.7303784994019,102f1db72374a135,normal
1700151190.9442923,173.21773598373335,19.508483034863772,590.5902326440598,b04321ec129b06ad,normal
1700242900.5531752,160.51756724613193,3.101194234280283,64.81059084294151,6f7e316046fb29c7,normal
1700039911.3258476,126.16998434393669,18.06088120386124,248.2259501100748,1f03faaf78f9f78e,normal
1700094840.9422064,345.1630100166926,29.36792849217228,554.7053272016112,acb959217b18c515,normal
1700250977.4192305,325.4293975342433,13.556948239924601,32.169059834840155,2f0d5af0f952d0d8,normal
1700091588.2080612,56.91825586994209,10.469858437481617,399.4312799550067,ed609d33f71628cc,normal
1700186791.0466504,298.62571720799025,21.694011687315104,365.88659974272707,2526759ab02bcb31,normal
1700181502.907585,260.4804669839717,23.151477951362384,18.249948274612002,d0183c336a101e93,normal
1700007923.5803528,389.21173207170335,23.583776215008044,163.19262706841414,53559bbf2b5f42c3,normal
1700048830.528775,169.2067784570335,15.465691797413072,510.91320780606446,052372a2dedfb95f,normal
1700075450.247447,121.53907847850022,22.564410588121905,64.41817391063404,fa631c542d1774fb,normal
1700108549.884606,351.0986601766293,10.291518904321928,85.14175482939164,7791a64cf6eb311d,normal
1700211888.4215586,376.18052923049873,20.77498124694513,201.22230083314395,953ee9bc2382b15d,normal
1700125712.008924,390.13133652634895,21.440311368252246,539.8583379107056,35da10eac7026f4a,normal
1700206076.1936078,224.29940177760486,17.832710618882498,346.3161979334469,c549ff40d565a2cb,normal
1700254666.5789402,391.0753123898012,6.916381250067186,57.62106771841959,0abb0fe7d9cda05f,normal
1700164964.6854894,315.87506830723817,7.689694634507878,250.29386489612472,eb26b2e88edbc49a,normal
1700018843.141293,87.06409131276365,5.069848314853466,382.21519145024564,6d13143e724eddb4,normal
1700117459.0652835,349.47474259584124,6.440669490185973,578.3300477721814,76ec2b43f09b94c1,normal
1700303639.049766,353.8836949419802,4.18002107655925,1.0896286015405787,ba2f8b0b880891dd,anomalous
1700078135.0395823,168.81721397311594,28.69205336381842,412.314433669238,ea0bd114fabe4e6c,normal
1700221509.249004,102.84759600227368,27.489576134578854,547.7621775431624,2eaaa0556272766b,normal
1700101237.6879058,62.19342259797048,19.915470587509805,465.9012093688767,1316cd9d1deba244,normal
1700066170.5537913,348.67931076982836,18.954453506382247,7.821128782564983,9311721250468ca0,normal
1700071706.7438262,342.68581189491044,1.5266557735165578,399.8545227629094,63ee561538e490e0,normal
1700113333.3903909,83.12391888728604,5.81581634000522,230.2627085980399,27bca1cae8e39194,normal
1700170681.8524966,362.5683696636384,1.3194833541426254,482.6375888762683,c4cb97f5d7aa74c2,normal
1700094286.236879,166.93894343556445,8.081945022210759,381.1604875683431,6960b56ce3930dda,normal
1700183908.879464,225.84454777082843,29.16291940226751,558.4127839538238,8655f7aec6c60749,normal
1700296679.858504,103.96680876637103,16.3312101383302,244.55475386355246,844f3b372b3bc0aa,normal
1700076037.886104,182.00063812448826,21.860063477033883,587.6386570558313,318330c0b853e556,normal
1700181976.5031579,271.32426776820546,27.94571633586103,473.595572993614,f9b0dc900d9f65b5,normal
1700244986.2891157,229.91686861360267,8.53252531051247,390.9150909249071,8225444868d350f7,normal
1700020519.8477044,278.17585895299095,26.15722832081742,258.3998413922384,2e91becaf59407a2,normal
1700026526.2639852,307.2126068086018,6.8697332006458325,176.45259043856473,2057f2a21cb281eb,normal
1700009540.5417528,301.8120345828279,13.530698153478008,456.31912025195,5f74013e2581e6a2,normal
1700302804.3943944,50.86727579995808,25.82291275559678,355.0197899900269,cf7fb53293f86b7f,normal
1700079015.434143,138.35270169235554,9.548444537661739,70.86178404762158,c9e3327a32cf8bc4,normal
1700062049.3236418,114.81277073374865,17.302951278389592,473.6159525564568,a096fc679f6077d7,normal
1700120775.243694,125.01424099924532,5.049085971194501,315.7392819195114,3cf5db996b2ea509,normal
1700229922.8262136,376.1385017783604,17.565182549207933,140.86005782099593,c921285c9440c4a6,normal
1700113569.9029343,125.08864039605028,17.31749990667086,236.5125433556376,78be97d1184e0d7d,normal
1700021947.4353108,111.12451482754844,2.5480760461880863,37.960268452734766,574000dd2705722c,normal
1700023755.2549012,365.92860037466596,29.407549737011188,506.9270962006629,8961f75e70dcbfd0,normal
1700109886.8385715,234.1211844101073,29.90363913405545,492.7862706516243,e23af160d22f189f,normal
1700023212.4104946,233.31353205117304,3.948485184207763,227.3004123834451,7af108a04dddb141,normal
1700284011.8551922,385.88842671094443,18.248112600778008,88.40694661098239,43a125e1a302b334,normal
1700137009.6904702,335.27558367656394,13.998978361947604,450.0541267267059,4a82172d7be1bfbd,normal
1700148238.166094,356.837348563096,16.29627127210421,267.52753534593205,fbb69437c0aec812,normal
1700213229.9062934,83.9270896262598,27.108064888846872,460.36612824348873,929d274df1c88565,normal
1700187386.767385,169.538391770568,5.722839986038372,595.7207345759148,8dbde6785030bfb1,normal
1700311539.9064372,182.99943807986202,17.698826547040156,-8.842703417873171,682bb618a8b67c49,anomalous
1700220376.6781404,377.9719537078955,16.440044271673212,564.5090904602174,460602a458658b92,normal
1700002321.9447963,271.08253969272266,22.984544462475842,497.44054733558636,7d92808156cbd86f,normal
1700095289.2121642,317.63352999669985,23.11511266691658,448.26995783891465,07ed63ea39815de6,normal
1700150600.3540597,302.6427162817647,27.617939902146286,576.5726399491555,982c89b343663bcc,normal
1700029312.8359115,196.5129052766328,23.455321068113456,396.42865459911405,ce02b04c00130f43,normal
1700027191.7315195,385.6080860681781,24.225641106467805,86.75771837249229,2526759ab02bcb31,normal
1700099075.5681465,83.3196804363024,22.107455670092833,312.29334456820635,4bb1cc33c9d9cdfe,normal
1700157077.7337353,252.51325388438354,5.089791698550424,212.99034881396014,26355a89ece7c9e0,normal
1700095982.9475973,52.62746147999995,10.747769087351838,104.78121420827968,cee4fc96890653ee,normal
1700134251.4903214,307.80058259050656,14.33157446915417,305.92857727193103,af537059655e5690,normal
1700285663.8637896,302.1607034995824,17.7917716377725,214.88319875568456,f167694985386272,normal
1700085706.9057922,372.23305039574876,10.9002249540701,95.96188766516991,63dd92b5782fd13c,normal
1700081342.1079102,191.69923754928683,23.040434180577012,225.89531906752492,a5089dd3303d1513,normal
1700306810.1076021,139.83656224975866,373.58435164637166,492.9623231463003,3f6c47bfc091a9e3,anomalous
1700215849.0355136,302.07561015093233,19.60486889688484,396.1137072521823,f9b0dc900d9f65b5,normal
1700111686.7254426,256.2659081446166,11.401510954309424,520.356040766957,a1b798881c824994,normal
1700274687.59942,208.96265409579425,6.522165635324136,202.09438088524024,b1dbfc366345fad0,normal
1700287910.0529306,158.92808822147833,1.3615041352985797,55.906796405943915,699661540351fa62,normal
1700260557.9646804,167.73338081984735,5.553739422691591,313.13775252280413,0a33d48b785e5a4c,normal
1700033884.563806,60.1498261215643,7.984013683193265,538.734872343492,cee4fc96890653ee,normal
1700304534.9828024,224.39770554861553,427.75265366323515,480.46893182176404,6b46e4645d81c139,anomalous
1700076570.9909017,188.1204608525288,10.254842169390315,533.1047976503858,696304d22db21e0e,normal
1700127909.2487118,132.7261523842406,2.424411668751164,586.4296742990426,2526759ab02bcb31,normal
1700087344.17356,148.3137350874543,2.7998300896645016,596.0542565546509,c21260d59ec18c21,normal
1700309338.7269354,51.40110685497268,0.00715983688715608,561.6527597598953,c85dd02c975d44e6,anomalous
1700002954.3661144,179.6608971122041,14.61711852699843,198.8660880922004,14f43d499a505b3a,normal
1700120086.3691192,107.18709505230908,20.38159148305946,415.62542789918353,e64e2629b8d35b9c,normal
1700059646.4246457,385.7232454956016,22.80693052567255,255.12715404563988,944b5648df15885e,normal
1700202688.7755058,154.6938004582828,2.1461849420166836,188.03894882735756,8e0347b36526a227,normal
1700022985.1100821,195.6918489961173,2.4283694779002256,344.88342778694977,eb26b2e88edbc49a,normal
1700141426.6671345,244.95062365850757,9.592689283151067,210.06132747441254,dd5f130daff4b63b,normal
1700168273.9733987,367.13738376781356,24.15500200001367,591.1027845489182,20e983d5ec93aad8,normal
1700273936.8621235,279.75705132316364,14.087668631955852,428.1418649255237,bfd08b82f9be4e2e,normal
1700073432.9192657,196.7453357652818,15.922908504680395,590.1331602157978,303c53416030118f,normal
1700108215.272208,125.31239612005149,17.98736842948695,40.39458184908731,c407cb00cacd0d69,normal
1700063755.3759546,50.581247686180184,4.250040758962228,252.88273167614298,4f79d527f2ce309d,normal
1700239657.5492198,332.60658174355416,11.303164647030533,309.81198040944275,6d13143e724eddb4,normal
1700135077.8474727,311.5444300672244,26.945948719166633,377.9608647566041,f9ddebb8c1fdbde2,normal
1700300864.2942536,193.32581790253607,17.02747537332501,333.6379863932162,a30ed4c98b1403c0,normal
1700068357.9672499,56.6619517361203,5.799144969871476,211.15479996727265,b0a6721da6c6bd9f,normal
1700283078.268907,215.4007288174751,29.169411698479742,528.2569283024369,3abd4018e7776373,normal
1700281657.7507098,96.39120999616695,28.669140093030222,102.73076541628865,f3438552764e10f9,normal
1700295506.8709292,280.59615196569916,4.885339357641222,64.98276979205914,629bc16b56f2cd17,normal
1700053223.2497175,221.39490963591706,29.58066491535286,467.51916087986126,4b6c866311b89807,normal
1700303644.4877222,361.0784229635017,16.77884465298701,0.6768070380293353,1db48f28c5980f3e,anomalous
1700255527.118051,388.7673560191761,2.6704304609902687,391.02106781368985,94808aad922a8af3,normal
1700135946.6863103,217.4417241303373,5.27535265108199,217.82116575795467,a1a720015d866dea,normal
1700167682.870614,156.1207268221071,13.754462231933534,500.5380475235998,f3438552764e10f9,normal
1700116880.7352357,223.80666759619857,16.55814978881527,466.07020251189016,f3438552764e10f9,normal
1700297597.442946,246.67932326041222,10.534782336492995,50.18927771359845,f33695682aa5c339,normal
1700190054.6837342,397.994212707149,23.332630826607215,61.133194070594996,929d274df1c88565,normal
1700002658.6977785,213.35235130446196,2.2703092078296345,120.81003117192071,d1eb88b3e77a7d54,normal
1700045450.110065,99.55856099907115,13.999122784376182,594.2413902741322,509fc3bb0a054a6b,normal
1700109020.4085934,87.59103470100203,4.344466705218651,64.39947902019017,929d274df1c88565,normal
1700223712.5036266,152.88616482359987,16.755966110842753,195.20101273811676,f3438552764e10f9,normal
1700066824.0684059,209.06010060453025,18.499309175666323,551.6822401370952,4e529c368446e150,normal
1700100726.6132007,103.73393271911486,16.48136038494485,62.17666361826936,392a645d77f7a9df,normal
1700169312.922613,347.68230762247515,13.942187818832805,117.28376496720695,2438c2deda85699c,normal
1700147889.3040698,266.62073341073403,23.039039627321173,186.95113609944758,66c876445830cbed,normal
1700260244.826928,101.781419656649,27.48805209030094,467.1297624278277,f3fa21ba15edbd17,normal
1700190115.1799228,279.6803768367502,1.9912029169195447,60.496188667974714,3baccc94064341f9,normal
1700225617.3765142,55.531133707153664,17.1699214079651,597.3554032535369,5ed697c6f454c438,normal
1700193811.4309778,302.3641941333539,2.7066075826405216,340.49813006543184,d4b5764d884a5cc0,normal
1700303643.8109152,129.90384795998696,18.17313140157164,1.6111145788027275,7c43989f2db280e9,anomalous
1700190595.7175612,260.8435885820067,25.848951365580543,480.5376383871379,c6796323ebbb2e61,normal
1700165866.6132543,128.38098295788538,9.31987999334019,599.303023518109,caec63a21b4de3d7,normal
1700192410.2189014,139.85261653730817,29.12337578609929,495.2278548252239,822584b2c67cc029,normal
1700195419.7101767,399.91786792002034,14.20521152186113,66.9701388127086,9a292cbd1123132d,normal
1700235528.6987922,169.48247296341748,24.216736407944293,448.6605547865254,01304950c76f0517,normal
1700222051.2305346,340.180654167566,19.30729160187647,541.9815306166366,ec8fb800edde0300,normal
1700047807.6663346,218.90037800555288,23.290200094321996,507.46492960587597,d4b5764d884a5cc0,normal
1700068794.451326,297.8319324892558,22.4188312072641,436.4840759062669,c0ec4e97c576e1c9,normal
1700132629.2136774,216.4464106315272,2.7495937386524303,538.5694460964655,e660fd087594fb5f,normal
1700243467.7122526,205.8429130997858,20.584989649609465,567.1590773067029,42a3ec7f5bda6ac6,normal
1700064273.72087,50.43157187916785,15.736853318573377,518.3449154258225,24787c77ae1f1491,normal
1700255136.0969832,398.97415387668525,11.994626771654907,93.79049842195259,f415a79bd2c6f2c3,normal
1700022609.3589923,356.251729782113,25.682817177843972,305.1931110282269,5665995f5ee725c1,normal
1700043291.52548,339.51069858224025,25.839892683662185,13.736291918242108,20032a532acb4022,normal
1700092757.774096,239.72766223275173,21.340341936059538,125.50083271489065,cf348b2982e11459,normal
1700271873.7814867,241.38471108417872,27.653526711088116,274.90043618050004,a1a720015d866dea,normal
1700182565.2010207,64.82113989954668,13.90319506978318,588.6978627554948,c921285c9440c4a6,normal
1700176781.9645886,348.1027639633815,8.009288341452798,230.02931119076027,0c92fb0d12f895c0,normal
1700128553.5488358,238.026609293019,19.15369714427334,547.9070337959068,9109b79ab60eeea3,normal
1700012416.6278727,99.08718114951377,17.06704816263243,538.2156592446612,c0ec4e97c576e1c9,normal
1700126711.3263936,206.12551252207913,27.989850167793993,469.02255710402545,8b788bd42360246a,normal
1700039011.2413132,379.20804339343147,5.304730707681681,391.2937273709588,53559bbf2b5f42c3,normal
1700185324.1397648,172.10122821623912,21.78580075474467,216.35461130211388,f4be3a874de0baaa,normal
1700095565.80122,134.0791966521511,19.699756636419423,276.5890557359916,53cf5aab18cb3f81,normal
1700160956.085363,206.3935948449534,12.862018829326162,49.07197887953026,1316cd9d1deba244,normal
1700210165.9358315,311.8248356779624,3.0840028093878415,31.703791873384578,9311721250468ca0,normal
1700161239.4462159,340.412468543719,16.82815028644444,146.0519358058746,a5d297901a37fa97,normal
1700263540.1019487,326.80279580214363,24.83454090238401,368.1923550629166,eee74eb1f7c0a67f,normal
1700295441.8881595,138.09872461230128,15.673289613422844,311.95984326543066,26355a89ece7c9e0,normal
1700000465.5038488,203.6074539132183,25.899339677430092,465.50384889079817,025bb2dc4bbb7fcc,normal
1700109918.122758,190.4427374651397,10.394163399191449,31.284186251775957,63dd92b5782fd13c,normal
1700117817.6575367,357.3515986294381,11.859454157019194,358.59225310944004,4c232f337fd8c9c5,normal
1700096561.1000273,186.52190655478523,29.959675935345558,73.84397954911053,f9b0dc900d9f65b5,normal
1700235080.0382373,225.3441238611219,14.692189079598739,351.2894816100664,5db09642399615c9,normal
1700184971.4124734,115.26915316455236,9.740618464885385,586.0336045170117,6ecb54095a21155e,normal
1700132090.6442313,67.791711681967,29.460225936337046,384.3773432362847,b6b64a41c2919e41,normal
1700180626.9041564,61.21525628236202,18.817197089520388,171.3836158160055,0ef254b12e31164a,normal
1700303642.1998007,107.53255407355529,21.448652433977433,0.9996032637892205,7c43989f2db280e9,anomalous
1700140309.253774,342.81456436144254,4.15105599460561,333.5368084661341,9109b79ab60eeea3,normal
1700050926.066761,302.243581351423,28.93312548293201,542.4800838186115,3ad31f91cba0e44e,normal
1700036564.8260086,270.50414560173954,25.682801893096116,448.3869363556625,944b5648df15885e,normal
1700147192.566385,371.0884562431498,25.67891648151277,130.50596115078417,4a82172d7be1bfbd,normal
1700196016.707986,375.3712657034785,28.477298306298763,72.84141884405783,96e08f65161c37f8,normal
1700185676.3419483,365.03194735028893,10.936858584975578,132.2293386604087,b252f29c8fcad3ab,normal
1700296435.3037503,169.79417600080797,20.111117913139342,517.1567784979896,fbce6cd73f4ff777,normal
1700025096.2528737,182.81242790442514,20.886557018222415,199.85986082546455,78e3b0ceac25a2af,normal
1700304054.5138705,170.41300889070382,305.76783128648884,334.1531857649835,3f32ced350669471,anomalous
1700054149.5494738,88.24880189009531,20.58386323135704,33.975591026741505,2f0d5af0f952d0d8,normal
1700111085.1780987,189.13375859424752,17.957828381343163,231.5357549242013,7103b0e2632b6983,normal
1700083416.3591712,237.79880475198124,13.60232945623302,320.1986713785863,e88f10e7f0682056,normal
1700231783.8090405,151.8676233577275,26.566899416043032,518.441193098123,3cf5db996b2ea509,normal
1700293281.834129,143.9797766739377,5.010323043329106,266.3668767772426,2e7eb4bd8833fa07,normal
1700019740.1431856,235.76935670966873,18.574458800300317,143.42124147002804,88bb5728693995ba,normal
1700088967.0014853,362.3706913905642,22.738939948763157,272.5314496114949,4b6c866311b89807,normal
1700038052.063036,250.34460248552307,5.208777385286441,383.66296355412726,5db09642399615c9,normal
1700092458.578407,95.27698121039606,8.979423242449688,402.37024951455186,516977ec47efb930,normal
1700220961.4868264,247.16068459428678,11.67470485890185,102.10797740708333,c6796323ebbb2e61,normal
1700100170.8186755,341.2420263486951,24.815692811337517,473.5410054057438,2526759ab02bcb31,normal
1700042364.857253,329.95464376734276,10.119070060581837,314.5636932706386,cd61353fa1df0c76,normal
1700303628.5472052,187.21486165164967,25.77187269415477,456.18822836086406,e5e167d38020d6b8,normal
1700195352.740038,301.3218178219877,13.837024439647488,354.6428099185606,86aa150d2cc2e79f,normal
1700213275.7357035,292.14647144997855,19.317227722968216,45.82940997977104,ea0bd114fabe4e6c,normal
1700039403.4974854,147.32644102344008,9.836433509064108,84.78629287429537,8b0844cf5149c3ea,normal
1700153360.2862618,167.89979034164404,18.584522366250518,463.2649025550238,8e996c4ba363e86a,normal
1700279230.1340928,294.97275954817667,19.788446945667044,334.29166508275523,0dfc33bc32ce259b,normal
1700048319.6155672,226.67701901622434,27.37701507226915,511.94923254429557,0ef254b12e31164a,normal
1700007760.3877258,386.66418259233006,27.348840030520606,75.21351176170661,c9e3327a32cf8bc4,normal
1700308014.4664922,164.8248998963294,391.7971747156614,483.3102304837797,33df9225c5e17306,anomalous
1700058894.1957557,223.92080864562232,4.896640486078784,549.6027623699051,f096039bf89f7925,normal
1700145542.4221692,191.1740411371949,27.777062064048554,250.0468469790794,d0a810a72a4086af,normal
1700275014.9338703,95.1070916346663,20.97801323167622,327.33445013962086,0b15cbce3571428f,normal
1700135148.7284064,384.6163308329202,5.47826955264213,70.88093386732984,288b2cef7b3ecc84,normal
1700184994.8988855,187.14319846851845,6.805319486960927,23.486412041554765,52ef1f7636c9b6bd,normal
1700049839.0506866,259.4670170452078,1.2121192324974535,187.98336809036775,e60f57124c1c6fcc,normal
1700169833.307938,347.07723959763103,5.506516458460993,17.925456143933324,b33f1ffea96053ed,normal
1700040666.8842442,276.78196877042353,19.920558639109917,422.691297760671,c97b99e4b2f817e9,normal
1700051446.8136168,89.93642491427302,22.239991586819844,520.7468557658462,4a82172d7be1bfbd,normal
1700002537.8877473,389.74430853821616,26.90051251834373,215.94295103727168,844f3b372b3bc0aa,normal
1700213731.3586159,339.86924837126753,21.832166332021497,455.62291248025156,392a645d77f7a9df,normal
1700196751.6788545,73.50448720724052,2.1237886143244546,424.6370836392027,4c232f337fd8c9c5,normal
1700216836.947923,306.90579592605303,24.99578472275367,136.93410264407387,5a84099c474fb65f,normal
1700173459.433421,54.218152055573825,23.127559606525693,571.3976300981402,67db264b0fb8d0f3,normal
1700021285.7747633,86.84732794894373,2.9302068517001665,490.85841423722667,64608b2d6865073e,normal
1700227240.6671169,362.59560712451133,19.924450301245376,461.7583144557512,e3ce233f861688a2,normal
1700168439.1060467,162.2975259235156,16.871202394941367,165.13264793006942,e3b0acc64de65b02,normal
1700072842.7861056,304.01937215040186,17.44119606426222,408.18435434187745,127fc1d209ebfb97,normal
1700042663.8715327,90.54985351734393,3.089715265115367,299.01427967786697,97054cb7601d7cea,normal
1700275612.1421983,302.479107129844,23.069625616463398,30.559788288508518,c13a639014177d8a,normal
1700071306.8893034,67.6818937302018,18.242460657835068,167.5463789430214,b4c0b9b4ed33ed29,normal
1700066162.7326624,249.22421765073688,18.11566610021766,148.77515069975604,a30ed4c98b1403c0,normal
1700064982.428101,141.1219901953375,10.352222788064164,505.51620519789907,2057f2a21cb281eb,normal
1700219313.8245082,61.85722829989478,20.807433737020936,301.66702284331524,7f8df3bab630f833,normal
1700038619.9475858,155.46992138015128,17.762499258418725,567.8845498670665,ec8fb800edde0300,normal
1700311541.9885347,263.7885926630894,9.59138732599986,-6.760605920816753,aaa7a64463a97886,anomalous
1700154499.7107782,352.7850811687269,1.8958922740449333,212.22415065956645,42a3ec7f5bda6ac6,normal
1700311545.865203,357.4101558128503,10.33898836440051,-2.8839376751985135,5311ad76f2655de5,anomalous
1700131661.5055642,220.19821443470366,14.860450841455098,596.914861233617,fcf4815f36ad5d5a,normal
1700055843.4718757,60.362551195014625,12.63931116904825,407.98600262181634,2399db01fb008db2,normal
1700011563.612134,143.44148208216274,10.615500922934013,286.72619362888753,18a1a9e3a41631a0,normal
1700205523.7013824,223.70105999023255,27.658121884299547,459.62525178566784,d138f124c0899aec,normal
1700030008.3250687,305.38999803708225,17.036798892334097,233.07529455255886,75985cf181ac5c2d,normal
1700305453.6654308,114.55608631039445,442.0046051237717,543.181278499571,8b385e8ed9522371,anomalous
1700016096.014382,356.09671429311254,6.696605305722624,361.63276095490187,884469cede0d51d7,normal
1700234457.619722,251.18725593404042,14.550927668877701,46.718087066289414,22a2968b296f1514,normal
1700232222.808264,329.56243971661627,20.27281157629211,438.999223461586,f2c388cb57100874,normal
1700231142.3299842,123.24707165018283,24.86514043859982,281.3189676587292,df10fc31fc098bbf,normal
1700145693.7181435,305.4353362060033,22.882621008325906,151.29597426800987,3d96cc87abef21f1,normal
1700283806.1248014,216.97900318658176,10.82217336920176,47.707370371157396,7d92808156cbd86f,normal
1700135728.8651445,297.8551438449223,6.080236467824106,457.5248835242708,27b5e39358c56eb0,normal
1700006784.8887396,81.51675127147462,21.94842116729706,18.513683514646985,4e5afb13fdb04aff,normal
1700277514.504196,99.89994881448983,21.732804783989536,578.798369956588,d0a810a72a4086af,normal
1700287248.62308,75.04757502168313,28.068262348502987,361.7732452101571,209b0d3325245ca9,normal
1700180455.5205407,195.02382019802644,16.134416605976824,267.44107062228414,eee74eb1f7c0a67f,normal
1700207546.1641364,351.8917301429139,25.230375745221657,44.50697603074836,dc1ef1126dc7606f,normal
1700239999.6278322,154.5656747179213,17.096226266523885,6.6108278370933595,a28d3d86a39697d7,normal
1700303634.7568252,297.5435179683693,29.650228938460316,1.922239342351973,bd508f208f2ff4f7,anomalous
1700103583.5481517,111.37127900887266,24.87012106140009,109.89336218816744,307f595da5e8f7ab,normal
1700014532.658501,361.7773718074837,26.90995255123803,450.4217715768848,0fe59260e0bb10b6,normal
1700118305.1804636,218.61724297676008,17.367387730416176,487.5229268327535,e4977e081448d854,normal
1700174041.7033565,367.0657765862224,29.150594674690176,582.2699356790569,22775cfb1afcde87,normal
1700302041.9203074,294.99335763779146,22.74215117091619,339.9744340294944,509fc3bb0a054a6b,normal
1700211058.6741953,244.33946696501965,18.296907881447925,78.7359061883414,d2aa58d0fd57ad87,normal
1700303631.1957066,248.4882779210773,15.400205694264866,1.4645340050430797,b7be490ca3df1e8c,anomalous
1700080763.5970144,138.63941604006908,5.649048724485484,103.36023740353824,890cb5590aa320f5,normal
1700181484.6576366,323.9871979770258,28.329723273447154,64.6710021046739,f3301ebf6dd67254,normal
1700278332.4139082,298.7665372576754,29.55296620475515,404.83079990647514,58b76741c341b07c,normal
1700226778.9088025,207.8815562813672,12.668755611993332,103.76578233478126,de008f066d983056,normal
1700138649.902041,317.10442143696514,27.9700970732868,145.41837125922882,3ffbb8decaa0eb62,normal
1700122480.1510608,385.5476340901769,2.1715776364227324,596.1580830881742,3449347a5a6df44b,normal
1700174463.9746225,196.03876345054016,17.583417319112165,370.768362792032,72101f89aeee1739,normal
1700052755.7305565,171.27250145956708,4.592223471062409,451.2402050714848,5ec4264827fa021d,normal
1700005762.5162272,272.1514120002068,17.05380261908188,460.1743201625352,bf562a06cbb9142f,normal
1700303172.3589768,95.19771609437115,24.674355104698986,367.9645825247227,ba9939ae0ae2fd2f,normal
1700270200.0142088,387.40479582592894,24.657144736266996,14.672980386167476,e60f57124c1c6fcc,normal
1700190658.958113,146.57334471428464,13.011148126187445,63.24055172784152,76e0ec6957252ecc,normal
1700160489.3568046,263.6173860765629,19.08284471963963,375.0079082393326,67db264b0fb8d0f3,normal
1700112494.8875957,187.0221928357322,10.548611328335317,560.0038736959046,395315dc2fff48c1,normal
1700023248.327805,373.69465415632175,3.8742811058163893,35.91731054673703,cf81ffaac77cf37b,normal
1700017911.1495767,308.6444013704396,4.8006747951620845,430.667242121402,ed609d33f71628cc,normal
1700082628.6320653,106.43892199817344,28.260551313417928,150.65391842233652,dc1ef1126dc7606f,normal
1700295918.1469717,325.37534920787806,2.661785681675258,373.91876791344396,7565da98fd4d9626,normal
1700084774.456094,162.53654701881612,18.635747145523155,550.5248025393714,c4cb97f5d7aa74c2,normal
1700112768.2602632,248.7769806499724,14.3927194320427,273.37266761022676,385d28823bd8c0fb,normal
1700206720.7593982,353.8827540990149,11.717576584345972,415.4082998242318,df10fc31fc098bbf,normal
1700191914.9910467,248.0265767809317,12.988839087305898,214.39831609866482,ae2c3245bf092b8c,normal
1700184214.0838816,350.83577713326383,13.99931828205857,305.20441762384263,e0a2466e56fe02d0,normal
1700204849.5644486,77.560151459021,12.1558207071789,597.0306033076671,c21260d59ec18c21,normal
1700209591.7565396,96.82524895784941,21.12192069206104,363.26103814088924,f8bee4e8ff8c80a3,normal
1700141896.604577,111.41178630268074,24.5476578438058,119.19309103959581,092a3dc5de41af9d,normal
1700121623.7224355,354.9931803594249,19.39279858503512,392.74333342132144,e3b0acc64de65b02,normal
1700293015.4672523,242.14232328531105,28.39136030972615,412.7222221029034,48b117627d8d477a,normal
1700293866.4293523,59.92031969998946,22.472915288565677,584.5952232934465,b6859a0bfa8fd4fa,normal
1700114960.2312272,63.4896997632025,20.732145364427737,7.7481853117799275,54ac3becddde7170,normal
1700128005.641802,72.16496754589534,6.658602991677755,96.39309035996631,8e436ef8af0de157,normal
1700021644.4627934,101.1606354674444,24.915261523233898,358.6880299350888,a096fc679f6077d7,normal
1700289320.4867704,359.0944087125732,9.477808586181276,317.1771681189251,b61707de06e31899,normal
1700156864.7433865,120.53724138733412,26.75370215543122,386.0613312016666,97054cb7601d7cea,normal
1700205064.0761306,150.61555649194804,6.061576817176861,214.51168198569255,d6aca7f3b913c7c8,normal
1700032700.0208907,155.67458700487205,27.634814969951073,268.1769056053964,eafa7f508f11c760,normal
1700129851.259291,239.16684225976425,6.30145434249832,463.61006213089513,f560065033fe2d0f,normal
1700024896.3930128,178.62913354029482,11.625381044961175,143.37911461467985,b30ca6eed47b6826,normal
1700302449.3746045,311.1467445052583,7.0507146441239525,407.4542971467856,89728fbf2cda88f1,normal
1700285193.4529176,116.75450506295132,19.523196474024044,61.066769345429655,a5089dd3303d1513,normal
1700203696.802102,314.7760667045587,14.677565528106982,569.5798855037295,ee165187fa9952d2,normal
1700306858.9662833,318.00868763027125,387.6069728489319,48.858681121432845,d2dc9b8381bd45eb,anomalous
1700003475.6409,203.00317160531577,25.147667685677284,403.53932683609366,615845727804ef10,normal
1700122905.100278,155.61770334392577,27.186685448777965,424.94921715954547,8e4eeae04ba573b2,normal
1700267279.221333,272.4394525405774,12.011860467968306,114.66445124346514,78e3b0ceac25a2af,normal
1700011878.4122136,203.61901110676635,1.6267503165295825,314.800079470565,2d8efc3a193a10c9,normal
1700049532.0635276,112.12730385293861,10.826813432678543,380.3451830170217,675c1a136ca7f212,normal
1700129387.6492288,203.244547986543,28.425115902909724,139.42772996048558,9311721250468ca0,normal
1700252864.6426091,375.7489134219764,2.050447600313804,336.3755641220029,3f5de37f81bca7c4,normal
1700133123.4307373,276.864305383497,23.67095437964441,494.21705992581514,d52714e59d21996f,normal
1700170199.2149076,205.640809803761,13.842694115725173,365.90696944128075,9f226cdbd59d9183,normal
1700289635.345282,169.04863379096776,24.831418721822814,314.85851173570546,2e91becaf59407a2,normal
1700309690.2497547,265.25853366618065,0.04451289668231456,199.8696865963238,2a84e058f0f406a0,anomalous
1700227421.4246397,369.66140389129794,3.5733002972287857,180.75752285236112,1619c0ec29cc908d,normal
1700205729.87741,395.11041007681825,7.059828617053808,161.32410986682595,ecb6c9dbdb1f658b,normal
1700078653.0850115,140.803943949087,2.310020392693365,283.70790154182873,335e60601c920179,normal
1700102740.0333726,226.46251153678486,22.757713650498758,452.6357040879639,73b876975a055a34,normal
1700004621.5872583,296.8078825192173,23.64114189963707,400.58625967225913,d870ca7b3002213c,normal
1700267164.5568817,266.225077735994,1.144563993539714,425.12865652369237,20e983d5ec93aad8,normal
1700099661.683273,161.4142356701571,14.37505768928964,586.1151265388705,bb5bc091161dc8ab,normal
1700298438.996831,167.8347826590803,20.693152093468218,527.9864790699421,b6859a0bfa8fd4fa,normal
1700066272.3861656,320.5280858473494,25.809254711926986,101.83237423244977,385d28823bd8c0fb,normal
1700053560.376391,244.41159854821737,24.259733822586004,55.467467025540074,982c89b343663bcc,normal
1700027705.7354078,256.5265633754082,3.7564267293676354,155.7630955343164,2e15165750b4a645,normal
1700162526.5810444,75.14761742018202,15.95493571713719,443.82150669214684,d044cb961fdb81f3,normal
1700006519.5748734,244.96125331944742,23.73304806408599,398.8403262625026,3b7a85715b0d3889,normal
1700108956.0091145,121.88660418534234,26.762598138822376,368.2386150683642,a28d3d86a39697d7,normal
1700222436.5620673,291.6734429262346,1.4779838172885533,385.3315326622184,227a5651d4e1a559,normal
1700283923.4482455,317.1939528064028,28.594723601358194,117.32344422888093,615845727804ef10,normal
1700234113.393486,188.79345299009657,12.428438593042488,505.2142214675876,8ed953453b51557e,normal
1700104449.8233407,187.52136184397588,26.377441772568385,271.9940567847441,134674dd46c2144e,normal
1700134699.886608,95.90430921464848,6.758926242407934,448.39628645470145,68243406141d01da,normal
1700185544.1126096,348.41795166380746,17.586568143594878,219.9728448173464,06ba2f64e2f9275b,normal
1700277876.983105,291.72647558680376,3.7895390004197687,362.4789090306062,dc1fb99bfcf683c9,normal
1700061575.7076893,335.12345509125896,27.174065107357727,406.3854988025193,481aff3824afc7c9,normal
1700265213.5858655,79.56831348697519,23.45811719901471,448.67662539287835,566699419f1e7e34,normal
1700026349.8113947,236.45279662300908,19.354611248761003,483.6131376285111,0b1c616a3383ee02,normal
1700187722.4552383,374.68394085897756,8.672654056816587,13.404216418710263,e0a2466e56fe02d0,normal
1700019596.721944,88.20039886800723,25.053429831599352,15.612886466307703,3aba99b6e18ef2f7,normal
1700284439.261387,296.4416116241033,24.77452213738496,427.4061949948362,bb105dc19bef35da,normal
1700086748.1193035,203.2963610221304,19.531395828660774,554.6510730754422,e23af160d22f189f,normal
1700276781.0899122,259.4849711651432,11.261900540376685,5.490647016637799,3aff714e0fd5fbea,normal
1700135271.340261,151.965308745463,16.35234926676234,122.61185444151052,d2aa58d0fd57ad87,normal
1700044353.267622,107.31295649040356,5.811299168419476,317.4275402655204,dff92eedf152e50a,normal
1700021735.0665934,372.3396653706076,5.800419959323067,90.60380011782988,a38844c5d4ccc77d,normal
1700244595.3740246,67.10638189780647,22.86862624538163,533.0166243913582,d044cb961fdb81f3,normal
1700181419.9866345,230.29668189616615,11.000106522566298,17.989678029257902,7439f803ce903883,normal
1700139407.5284111,361.42281328895405,27.349639150113617,370.0423084142501,944b5648df15885e,normal
1700056949.6938763,188.92902371174193,8.969926471896944,356.24054927547365,73cb084bc335990f,normal
1700082477.9781468,235.79763800073505,8.203785712103894,206.89667671325375,ba85344e0500b4d8,normal
1700072066.193522,130.94818889039828,26.34276643921024,359.4496959380078,509fc3bb0a054a6b,normal
1700151782.9883966,82.83273840270371,12.958872514619515,592.0441043836219,def4b164409de678,normal
1700174093.2062597,347.4262192317627,18.801019418461337,51.50290323180602,73cb084bc335990f,normal
1700033345.8289337,277.54375544557894,3.6227810825398494,401.08241798338946,4bb1cc33c9d9cdfe,normal
1700272864.1325116,109.47920697637356,28.642909460750808,158.32381930743338,a1a720015d866dea,normal
1700159770.892782,291.1155083585403,27.384102059263782,133.8903066895054,8dbde6785030bfb1,normal
1700185975.6290815,93.37831905430723,7.915526867756534,299.2871332647995,13d246d795c82b06,normal
1700249788.752892,212.8243650472506,7.379809740490579,444.74940426476536,a1ae30cbe6ed324e,normal
1700036662.1777391,307.1173821773065,6.598203235198219,97.35173050244907,383e6d13044307c8,normal
1700032944.7465158,342.91380288132837,4.086166424270103,173.92552052910318,8573d1ab0456c5bf,normal
1700147036.1659212,346.33486767788526,12.576663777075924,138.69023735479487,bdf15717c36eae2f,normal
1700230179.2107885,246.13086358875555,10.935468342858057,256.38457493130056,627fed6314c7276a,normal
1700016563.5702605,390.1392491213386,15.521494399867928,467.5558787535007,a38844c5d4ccc77d,normal
1700224541.1701863,266.1843111937736,20.67100764364954,23.441899146275006,09430f1805ffdb79,normal
1700298976.9659386,50.34736241772012,2.017632211761436,337.74912607706614,d4b2444da3bf64f0,normal
1700113103.1276822,162.25044134292665,11.026193367116345,334.8674189109594,b04321ec129b06ad,normal
1700082008.354598,85.13847597743325,8.671654523388021,538.19263904206,bb5bc091161dc8ab,normal
1700013473.819282,130.57489681320828,2.0849641291092134,550.0270478568767,1e4f2cd482724cc7,normal
1700107640.170569,276.2017671299957,5.986850206173663,537.2343411426747,514be13879aabc01,normal
1700059391.2974916,272.089092733129,10.955481408988325,274.70155031759725,b6b64a41c2919e41,normal
1700028840.1657717,222.25362545140018,18.388209804155757,480.5506063246796,eee74eb1f7c0a67f,normal
1700277927.5831084,261.4469718259749,29.611141199623642,50.60000356327449,d2aa58d0fd57ad87,normal
1700271141.1140277,89.86753918665772,20.120111681577132,137.061589611005,22a2968b296f1514,normal
1700246794.9754531,346.30937570073587,17.81027685999172,593.1262112299984,09b28495b473954e,normal
1700080660.236777,265.86466267705816,16.728567666763944,508.2491898922748,979442b1474f6d9d,normal
1700251386.540097,72.47309804791254,23.257715063446053,143.36904404618707,cb10952e42586f3d,normal
1700138504.4836698,156.0376200930557,11.70891239888809,266.09891257215946,b4c0b9b4ed33ed29,normal
1700224990.4755566,230.8010766950543,18.51439528438017,449.30537032863776,c295694a1a58deaa,normal
1700093321.4523246,391.64493674209774,12.59060791974547,195.69224119841962,4188c2c4d8bc9d17,normal
1700104974.174421,117.30523766229656,7.403139715059087,524.3510804706364,8655f7aec6c60749,normal
1700201190.9183974,244.66660387922624,7.271809984128992,26.675966431315565,9a292cbd1123132d,normal
1700095878.166383,335.6196058634909,25.956527659536903,135.21968223280615,3f5de37f81bca7c4,normal
1700043387.925155,260.2941427807783,4.4705041200819355,96.3996749410777,2f0d5af0f952d0d8,normal
1700036116.4390721,120.62373875166938,4.622786699863649,28.89002323050452,4e5afb13fdb04aff,normal
1700263066.5805814,264.7619022664235,9.068297399920299,525.6844387515762,e5e167d38020d6b8,normal
1700274318.167633,105.82257511629965,20.526520914656697,381.30550964101786,7b1c7badce06fdc7,normal
1700014082.2367294,202.28397100106326,29.778891357619273,31.72181853843575,ae2c3245bf092b8c,normal
1700108464.742851,197.9569119952218,6.108010676019316,128.15616998629963,c13a639014177d8a,normal
1700303636.7022216,371.61840298353144,22.90577469553392,1.9453965009108498,bd508f208f2ff4f7,anomalous
1700041517.8838422,176.230067057589,15.869438093595988,377.477426159929,8c017afbe85e300d,normal
1700146258.2935555,151.30039762782275,24.085752981150257,280.97772572541135,514be13879aabc01,normal
1700124057.4090397,248.60683974226316,12.519765742711899,549.8681904378321,3449347a5a6df44b,normal
1700209074.238031,164.41442315694627,9.858937758763933,280.02561843548256,335e60601c920179,normal
1700098093.0281072,89.14568083323701,25.143349262796207,399.75468805130663,624acd7db392a58e,normal
1700005948.3665357,60.78624209877879,13.664804287738509,185.85030834725427,2cda1885e5d1cf27,normal
1700270185.3412285,113.68003434686342,22.217183447476767,248.77214054665177,7565da98fd4d9626,normal
1700263871.7298956,247.05376603022563,14.71372828247083,331.62794695322515,a38844c5d4ccc77d,normal
1700269936.569088,180.8726441026282,13.934919857666843,530.2715526260251,b5c5e8a26a19f212,normal
1700126242.3038366,81.41363233791834,3.2456464725527083,237.9465708022367,e88f10e7f0682056,normal
1700168744.8802242,272.83459797070714,12.841367656356676,305.77417751745486,2cda1885e5d1cf27,normal
1700224517.7282872,58.76407105181426,8.60926570927511,417.19908370672294,bfd08b82f9be4e2e,normal
1700010690.3536885,256.82042201849583,1.6613122598612273,211.38753369822805,ae2c3245bf092b8c,normal
1700052304.4903514,150.87988592076684,22.278851425699568,590.8239584518167,3d96cc87abef21f1,normal
1700074402.9392588,230.95682039730022,22.509775905072313,230.5363535471966,392a645d77f7a9df,normal
1700276347.1275787,339.4528051127998,19.5453386292253,42.879835644723855,a28d3d86a39697d7,normal
1700292082.310945,383.99389686621527,9.315573128397318,275.68051026391186,d5385a01d895b16e,normal
1700252209.65394,201.08837841195862,22.685901971253276,398.21657657525566,822584b2c67cc029,normal
1700283727.8472314,85.50226779904733,9.953706166587144,483.3806903565252,288b2cef7b3ecc84,normal
1700044855.8686748,396.1965509392619,17.123113412825003,502.60105287739157,a6f3018f865f063e,normal
1700197528.5548608,311.9800634125834,26.41174975774818,570.1615710499386,8a1ff3d17ececec8,normal
1700087860.6312726,372.64835755424826,10.255538343634031,238.7917979842888,90c588a97803f363,normal
1700193470.9328477,375.35964020251,4.34039554611356,161.75234204235895,8af3d9b91bb94ce6,normal
1700271004.052438,263.08273322195794,8.751690395507312,368.52041365793565,d4b5764d884a5cc0,normal
1700178137.9274268,74.93556707830689,14.78386291862452,207.14288891067307,4d2d126c2f747ca6,normal
1700311546.0916407,111.76104951425734,2.50234835355633,-2.6574998020605483,a3eedcf6f07b8686,anomalous
1700005302.341907,214.88367215009637,17.391847087954474,402.6997622653306,41e1afba69efe1f3,normal
1700037089.571034,393.07167471453863,18.734764573335017,427.3932948823758,580802f412e6222f,normal
1700098763.274802,278.4403572042393,29.769218160313592,413.2669347910145,318330c0b853e556,normal
1700078198.8996627,313.7265970500903,26.550045505618233,63.86008053736928,b5c5e8a26a19f212,normal
1700218678.5668786,373.1559415902575,26.626322165602005,35.31173295679825,a609aa190a1efb60,normal
1700310419.6376634,207.82034350673635,0.04177565187154972,170.11911606323903,bbe473023d74174c,anomalous
1700057498.30741,332.6010620916986,29.96355773193618,431.9952928467327,1f58eeb3fa7506ae,normal
1700032770.8209953,398.96213024315057,26.496800704924613,70.80010454268574,460602a458658b92,normal
1700207063.5680296,74.19898075254153,5.939253555243039,342.8086314607829,b6859a0bfa8fd4fa,normal
1700187816.3856058,147.7741842678052,6.595310358310981,24.521949701148557,acb959217b18c515,normal
1700054115.5738828,337.9040817161011,2.0721510888340524,555.1974919958337,42a3ec7f5bda6ac6,normal
1700092632.2732632,286.1577915722473,27.399480395372322,173.69485612654137,eee74eb1f7c0a67f,normal
1700253558.6863558,235.1637877211116,1.028709823865197,243.77726955240678,1619c0ec29cc908d,normal
1700301361.1896307,368.16785692939936,28.03119753464549,496.8953771633011,87d0c94dd87da229,normal
1700241213.5811045,323.9664718196358,6.981914198755027,219.53624091163098,15fad5bba770b0e0,normal
1700273508.7202585,378.19690138759285,9.752006858857213,116.08181037735285,76d021ce06da8d4e,normal
1700220719.4931512,131.45625133666562,25.262581645789783,62.56797452485213,6a4e30d9b5c40135,normal
1700161093.39428,204.33692112931286,22.544282985884387,137.30891709860236,96e08f65161c37f8,normal
1700114024.448962,140.09782682088002,24.97690657578859,454.54602777168924,7103b0e2632b6983,normal
1700012923.7922342,319.02662217117995,4.124487432721001,437.56179550069515,a8125fe825c1c638,normal
1700297911.010352,64.1511759875513,11.566485717792727,116.77583617464519,5fcfab71ce49acc0,normal
1700045972.9403567,102.73554083463407,6.246872914695175,284.2495258432888,a9a06bfe2fc40bec,normal
1700252461.2381663,233.84910725043912,10.21394770946952,251.5842263093438,caa72b5fbd55146d,normal
1700050383.5866773,217.12705576970646,23.08154433233622,374.11283724653623,a1ae30cbe6ed324e,normal
1700004899.6421447,249.0594185835128,5.054112945702066,278.05488644531226,f7567dc197857b30,normal
1700159637.0024753,317.758541812315,9.92229852499187,51.258076820400056,5f74013e2581e6a2,normal
1700013893.215682,383.51478827441076,9.43661730606344,193.69764122951563,e74ef0d1247f2e7e,normal
1700057746.032871,97.8874473103692,17.671285959067973,247.7254609231129,63ee561538e490e0,normal
1700278895.8424277,118.26031367568956,1.77881753086641,176.5495478472289,f7a8a4b8317ba679,normal
1700160907.013384,286.16262473307813,20.79505554428961,417.6565794040981,849735272b267fe0,normal
1700226554.3392344,342.66991283522134,3.2254723702312207,20.480355113184153,395315dc2fff48c1,normal
1700228070.6050124,209.86095942389963,22.85035564365391,402.1011484187844,1f03faaf78f9f78e,normal
1700148686.3047962,337.17708035051146,22.731232989271174,448.13870205096873,227a5651d4e1a559,normal
1700086193.4682305,327.7723843518321,7.1466837213357355,451.7489579231915,e74ef0d1247f2e7e,normal
1700239906.7023284,108.77829320960228,22.483641717437813,249.15310854492972,d138f124c0899aec,normal
1700276775.599265,350.4520697756139,6.329970025827141,428.4716863534689,adf3c4b8b8b08dc9,normal
1700067895.4669242,260.2568716019249,7.2743151615366415,480.53204573368714,5665995f5ee725c1,normal
1700007305.1560712,206.15469645091073,12.049615556797992,419.3106231712529,802d388ece26de89,normal
1700261620.5707114,162.15920994720932,9.220500957057368,328.0503149345824,73b876975a055a34,normal
1700136135.1445665,94.54666941516373,16.95695106533947,188.45825635194234,288b2cef7b3ecc84,normal
1700307293.840588,370.2984413107847,390.2138920663581,434.8743047846449,9a35adecfd374cee,anomalous
1700111166.369402,162.3799692441492,6.603041350908786,81.19130327593322,a1ae30cbe6ed324e,normal
1700069329.012903,257.84069180995664,4.65476391065217,534.5615769850289,5665995f5ee725c1,normal
1700010478.9661548,373.792041431879,17.850773051311453,106.50281627944723,cb10952e42586f3d,normal
1700207501.6571603,150.82098905274924,21.988613415563293,438.08913073912055,37eb97cdefcb9553,normal
1700310758.2261035,359.80700682184437,0.033621978610839515,338.58844023385507,7f94be24b654cdf4,anomalous
1700114952.4830418,187.3696569927303,27.793111615817466,567.5843351580344,fcf4815f36ad5d5a,normal
1700145977.3158298,120.19686496254391,6.375882911272084,283.5976863876825,979442b1474f6d9d,normal
1700311145.6502934,116.41884802376885,0.005319434150620389,387.42418982070177,4bdfc27f16ad16c4,anomalous
1700211687.1992579,244.5570917065164,9.62494681371382,152.12391443226946,3aff714e0fd5fbea,normal
1700281483.306662,276.83287559853073,15.02183758910675,120.92842345642816,c1fd132da7899c2a,normal
1700234410.901635,332.0359364727178,26.959759415438448,297.50814890698535,f7567dc197857b30,normal
1700242429.6215093,354.3895034974379,21.254428082786358,479.5227364116415,27b5e39358c56eb0,normal
1700059116.5959413,73.50833409671841,6.857392092974665,222.40018560348443,e667d361b596eb6a,normal
1700282214.0619996,371.7059646266591,9.69782226900897,339.9647172442587,b4c0b9b4ed33ed29,normal
1700284731.9252346,236.67550563014538,10.390983071439061,292.66384755188,73dd178460763ff6,normal
1700157766.9149036,124.12025721320862,3.610040340307606,105.63515089279916,170f01a141eb1649,normal
1700311506.9710236,195.48919320125017,0.02945104104551088,361.32073020970984,681bec216984c7d5,anomalous
1700276896.842471,166.11225936072802,3.0367677557143935,115.75255869202212,ecb6c9dbdb1f658b,normal
1700181401.9969563,235.65441286107762,18.211952180823573,229.81339829473026,7b1c7badce06fdc7,normal
1700046869.3831737,135.28360891949973,25.464063158113692,55.0486240613448,7439f803ce903883,normal
1700210101.118088,133.1374852182906,5.367417235780653,509.36154845879406,dcc98f81cb91ec65,normal
1700047300.201405,178.31293472641434,16.64629562258868,39.57454662426117,7edb640279479f39,normal
1700217193.8086758,168.5070051237849,13.941250613677973,356.8607528022673,3103a127211ddd22,normal
1700233608.1792645,87.07982494683654,7.54748062792172,341.45222018436135,4f79d527f2ce309d,normal
1700044035.8400817,274.31102210515576,1.311101704294611,235.7658086223716,4d2d126c2f747ca6,normal
1700278719.2928798,304.4538170864744,26.058159651522324,52.92424329430234,f7a8a4b8317ba679,normal
1700232818.7020874,197.05699908362354,24.60355482757754,595.8938233169933,c3cd381d0aba791a,normal
1700256769.355133,399.7865127800844,1.2170068870962318,426.7729366722834,f8bee4e8ff8c80a3,normal
1700031580.717766,272.97585939692266,4.535728671718265,511.06753911851564,8b0844cf5149c3ea,normal
1700068146.81245,161.17247202724658,3.2651433993305528,251.34552580459564,e3ce233f861688a2,normal
1700228495.6970222,172.92802461145442,26.712721185706823,401.3011180651434,9bf53bbf7a28b201,normal
1700028916.4072568,90.98624806503868,3.543561345412284,76.24148515816808,f415a79bd2c6f2c3,normal
1700131064.590703,227.86752017238567,13.663357190826344,314.13201087526795,cf7fb53293f86b7f,normal
1700130188.1402254,302.6673728294367,5.897318206768729,141.0441335839582,a9a06bfe2fc40bec,normal
1700288336.1230721,330.47212599767863,18.524911810168717,426.07014149764564,a9a06bfe2fc40bec,normal
1700182672.1703658,208.37777603353442,25.436984029827688,14.65712152377051,3abd4018e7776373,normal
1700260710.4931405,369.9070221484592,24.1206035758946,152.52846003822643,fbce594eb3819241,normal
1700207709.9478338,241.89566125036603,13.361081892221645,144.64857598587798,f9b0dc900d9f65b5,normal
1700034351.7407308,119.37147952451426,27.408508586795673,467.17692471187,f7a8a4b8317ba679,normal
1700015073.705574,83.06333382153034,22.656898729121753,227.3263486798575,2a588afa0d0ada75,normal
1700043800.074273,290.68276720813236,21.456784599036368,190.0220984028559,7f8df3bab630f833,normal
1700125091.6241083,344.75412943090515,28.35808818705773,585.6590365188983,2b271c0d210c62f7,normal
1700306317.145279,206.0064321759065,246.69591544302656,187.69588999769266,964dc2494927e0d8,anomalous
1700062734.8730009,136.12331402672845,2.9003825836330903,29.442060516383926,a1b798881c824994,normal
1700203990.9990256,202.64774792718688,10.414666346199676,294.19692348871945,d870ca7b3002213c,normal
1700280516.1715949,374.8835268392578,13.084418989391432,391.3886071791057,675c1a136ca7f212,normal
1700254020.0983405,94.40056178660089,5.249857968794075,69.44333210745144,c5beaf169b081c37,normal
1700002755.5000262,289.06713363485915,22.598102521326698,96.80224778019095,3ffbb8decaa0eb62,normal
1700269406.2975354,259.2227692205133,13.815131138607043,165.59010965402348,eee74eb1f7c0a67f,normal
1700010372.4633386,100.58346610311642,3.998686063953998,201.26742133800727,b9cdfa9360c5286a,normal
1700141216.605807,143.82978668719286,18.582682547588753,243.98867223557895,ce116436afa8416a,normal
1700201581.7150202,197.07786766135334,6.455022615519188,390.7966226959999,c67f80a090348a97,normal
1700077722.7251487,95.88804255917695,5.7232735160820924,239.49365464290557,f560065033fe2d0f,normal
1700093125.7600834,139.28742585958324,19.13886655050415,367.9859873178684,134674dd46c2144e,normal
1700250277.2001145,307.7239340014578,7.4366671472675225,488.447222447539,c67f80a090348a97,normal
1700178905.863769,344.9561890822652,13.945295272167575,314.4427877955854,c3cd381d0aba791a,normal
1700192990.9367518,343.34779419060646,5.121013849697637,580.717850468496,5db09642399615c9,normal
1700236486.4284718,133.57486527553914,20.47070220101792,444.8075315463999,f9b0dc900d9f65b5,normal
1700281555.0199444,231.40649654580787,3.8980224601985456,71.71328226607135,4188c2c4d8bc9d17,normal
1700080151.9875872,156.5632842666115,17.034049367869383,86.9871538770441,bbc7e51c73fea9d8,normal
1700189024.9175246,160.10354916254488,23.444243720492032,321.4351941878709,dc1fb99bfcf683c9,normal
1700091188.7767813,283.62147310136527,20.010014411948514,59.57558904010898,1619c0ec29cc908d,normal
1700128678.6598504,330.20426723584757,18.915878346661913,125.11101470767696,0b1c616a3383ee02,normal
1700043610.0521748,385.45021331534036,29.868469704925477,222.12701984156024,07672effe4965cd5,normal
1700263171.9095936,242.11065615229847,5.649805623343173,41.12077483813747,f3438552764e10f9,normal
1700197905.687386,71.22075976629179,11.697473041386651,181.6367488769115,35da10eac7026f4a,normal
1700291473.2156212,97.26778163792115,13.79021451058641,390.20943961126136,c21260d59ec18c21,normal
1700171601.7429662,173.27437274779345,21.630871083582527,32.34813335738334,6a4e30d9b5c40135,normal
1700287854.1461341,308.11115581713545,3.951793673721506,43.06366273292263,385d28823bd8c0fb,normal
1700152308.934128,149.4179586842804,23.84599266852731,525.9457314937056,b65146bf9c04186d,normal
1700218276.1025927,320.37703210784474,24.278444307679486,233.0889620792522,3cf5db996b2ea509,normal
1700043277.7891881,159.86267943069623,22.538084435027486,107.93169488899831,de008f066d983056,normal
1700043169.8574932,69.44877091740727,9.137731647876022,505.98596056848055,8ed953453b51557e,normal
1700240166.4947197,211.0131197161244,6.264170135181119,166.86688756071328,de008f066d983056,normal
1700303640.1798673,103.7349029156207,25.290901492809127,0.30631444086095083,ba2f8b0b880891dd,anomalous
1700247684.9480505,135.66776524463853,10.53461742786638,75.81936923939031,8338560c5207bf85,normal
1700290180.2713864,256.3686985168607,23.44164307825102,478.3374946490061,7d75e40282f3d86d,normal
1700204252.5338452,259.35875801427113,27.04548233453174,261.5348194989635,335e60601c920179,normal
1700237272.982329,336.88037683730704,1.9323324579162762,103.690287685389,b6594729ee9f253c,normal
1700107102.9362278,73.1277238217882,1.03095648565967,407.6081675932344,df9c7f6d462800fe,normal
1700144413.1111073,333.47925775570474,3.5822181471765435,313.7542122798151,ce02b04c00130f43,normal
1700099697.2776701,285.2925509282057,11.246793156985566,35.594396961372965,783679ce339bdb4d,normal
1700056381.37463,285.06448309955056,7.892092537457322,537.9027544232996,20032a532acb4022,normal
1700036087.549049,294.342274392523,25.30142634100611,464.4044974671064,395315dc2fff48c1,normal
1700281874.0972824,162.72821220361263,27.04926291016617,216.3465725396246,f9b0dc900d9f65b5,normal
1700188108.9505198,58.82173149415676,6.861314704537531,58.39011025604448,385d28823bd8c0fb,normal
1700042050.2935598,372.3700190533171,15.605354830309878,532.4097176006061,89632458243fd578,normal
1700230327.7928195,78.84979630999439,15.400382017268436,148.5820310966296,e2939cb5a3174883,normal
1700309490.380068,119.63484905761827,0.011288921828985516,151.65313258463894,fac0e339ba2d2021,anomalous
1700059820.7264664,363.94887957054834,7.817816389539125,174.30182069153602,629bc16b56f2cd17,normal
1700188703.4823303,374.98416127006516,15.622361310595291,594.5318105029177,069abc87b2230ffa,normal
1700085017.724585,236.16013197112383,6.429929393844904,243.2684909209406,06ba2f64e2f9275b,normal
1700090130.9107585,178.21742099478772,22.41681066791223,568.7836818012654,22a2968b296f1514,normal
1700276935.705826,370.6091891913554,10.05097973125719,38.86335526642826,b750edf65c7442af,normal
1700124327.1935923,72.09100974635486,29.093817319486366,269.7845526381254,0f1b6837b09d1cff,normal
1700035623.1445515,70.03117905364114,24.22795175560861,510.39826153922843,3d96cc87abef21f1,normal
1700055060.456698,67.13729843814774,7.8015193627976585,481.5185973034461,eafa7f508f11c760,normal
1700061169.3221905,203.4351905044675,14.811461949015044,471.37534507854957,f8828742d53f3763,normal
1700136559.6363435,74.47607101690143,14.952569951131343,424.4917769318948,802d388ece26de89,normal
1700074842.965165,324.03604550912974,17.528080740604263,440.02590610841327,c6e227bb5632fbac,normal
1700129248.221499,171.7652715148073,3.6267926975277414,569.5616486684415,a5c5d96f99712d78,normal
1700259297.678432,196.39706172992837,10.407764260106548,173.74268401531648,f2c388cb57100874,normal
1700255042.3064847,197.02924785597708,12.134602590838169,375.7275446194111,cbb5af94a17f2bf1,normal
1700297547.2536683,245.15950689390922,29.553613921426965,339.70423184980723,e60f57124c1c6fcc,normal
1700256192.3313468,285.7298001538353,14.231171914242772,322.3655213444642,7d75e40282f3d86d,normal
1700290890.7597332,171.17505937638202,17.969286827597795,194.2481675296643,a5c5d96f99712d78,normal
1700037554.197801,110.59474624787613,3.659909168901744,427.19907963486935,5e4086f8f7057243,normal
1700196958.3932898,279.4107874520005,3.7266148628960805,206.71443525608993,7606036ce930fbbe,normal
1700124505.9650717,353.5560641754135,21.527472937641985,61.10020182536417,629bc16b56f2cd17,normal
1700262048.2769995,375.7079948069164,15.666016284169618,81.26833354376842,598ac109c591b806,normal
1700257175.470992,70.9967921048719,18.10390953181991,406.115859031415,67ee0e18d97e2b31,normal
1700226114.3075368,240.82171542792403,18.97756342533905,496.9310226682578,441ecd4b8be081ef,normal
1700299447.424873,378.14784057053146,27.1667929426228,470.4589344846178,a990d06edc39cafc,normal
1700066013.9575117,88.72031364677115,18.98432931222059,23.613690176478507,102f1db72374a135,normal
1700198140.3105545,118.93583991700919,8.594994862377328,234.62316842061284,bfd08b82f9be4e2e,normal
1700299473.5843396,150.8697554201975,22.78838949794776,8.99589157721416,8c82d971bd4859ca,normal
1700251615.5394104,183.08245436475656,13.508230163957949,228.99931347178773,447329fd55d30527,normal
1700268868.3859015,323.9933542695245,18.823580358320356,390.8266614996497,a5c5d96f99712d78,normal
1700301701.9458733,204.75199511257335,21.4519617049633,340.756242468485,e3b0acc64de65b02,normal
1700193309.1805058,109.492482418525,24.728593226190462,318.2437539278332,6739ba4222290ff7,normal
1700278666.3686366,110.82191072383677,2.673087478326763,297.45033796643975,73b876975a055a34,normal
1700253619.3583553,242.3856897419603,10.543171241636825,60.67199943723642,67ee0e18d97e2b31,normal
1700119651.4813297,149.5389971006931,9.81010193388838,503.4415306212895,ee165187fa9952d2,normal
1700311543.5585465,146.800204779916,1.8760884990200433,-5.190594010627504,1da0f2effd9c3b89,anomalous
1700249344.0034878,68.91900906650972,28.719955491478835,409.09149422114166,8655f7aec6c60749,normal
1700159079.7126582,103.73604121796662,8.144215011713577,160.11874989488706,88bb5728693995ba,normal
1700081470.161959,379.53859985833463,4.499004785866905,128.05404887084887,7f8df3bab630f833,normal
1700272985.4071667,385.7827453103309,23.064326369315005,121.27465510432036,0f1b6837b09d1cff,normal
1700137786.0752354,187.22100784540513,7.986886376015054,283.15330096000025,bb5bc091161dc8ab,normal
1700155430.8644216,125.5736766509431,16.407489889739544,531.9945766607259,3f5de37f81bca7c4,normal
1700031935.731276,290.1337277869071,1.3567778907694823,355.0135099816863,699679a5dd94e885,normal
1700212769.5401652,93.34528868017978,6.741441646090306,559.2198479387891,dc1fb99bfcf683c9,normal
1700070610.516646,254.62359194695793,4.680389290036881,595.8853262486514,18a1a9e3a41631a0,normal
1700285958.6181285,388.20391054114657,22.932532429400066,294.7543389714721,05b43cae43d06f6b,normal
1700188050.5604095,168.65270921100768,10.509792622390416,234.17480372680168,f560065033fe2d0f,normal
1700207565.2992578,69.70108454369691,25.755275021255283,19.135121342025982,e9ab33575cccb8f0,normal
1700114384.8987067,284.13168064705286,2.524703719368606,360.4497447989352,395315dc2fff48c1,normal
1700254608.9578724,266.18108405949863,18.698408599411668,588.8595317759973,35da10eac7026f4a,normal
1700205568.5533001,191.14575402562045,3.3280422917170767,44.851917813534,a28d3d86a39697d7,normal
1700280124.7829876,316.5277117369639,27.759433778929854,559.4177986340251,26355a89ece7c9e0,normal
1700071139.3429246,237.67014458898134,19.03196886596194,528.8262785759769,7653d7e7bf039240,normal
1700305941.9188092,351.25667665270436,294.87234971132136,488.2533783514593,37e4501fe9a89102,anomalous
1700262540.8961427,278.8669007173722,21.59002729545382,492.61914327118365,0ab2822c8437544b,normal
1700208794.2124124,196.501176976509,11.630850841472466,161.6737829426089,caec63a21b4de3d7,normal
1700096657.708359,197.98011639137772,18.97038725312598,96.60833163368773,0b15cbce3571428f,normal
1700200710.2731051,354.2766394074833,19.239492497720537,435.4416641844855,395315dc2fff48c1,normal
1700127322.8190374,126.54647915307221,15.956914612353488,585.5629345118481,f44de1935fd20587,normal
1700294813.4911268,74.08959536068599,25.198259812383537,390.53820865799406,a55ac636363ee597,normal
1700218043.0136306,168.4069336110374,24.65618843098065,67.92133178960087,78e3b0ceac25a2af,normal
1700109394.052301,92.68913747336802,25.719087219977723,373.64370750463564,59ef7386556b8e14,normal
1700078944.572359,385.76632167246294,19.923056821827235,291.487347494137,4d2d126c2f747ca6,normal
1700228094.395904,100.45500212247546,18.81176530276438,23.790891762334113,ed609d33f71628cc,normal
1700194301.892201,73.63456004631868,15.855046162092185,490.461223200541,2057f2a21cb281eb,normal
1700195943.8665674,218.83160162019007,27.748371517834094,524.1563907433564,fcf4815f36ad5d5a,normal
1700085741.7192726,169.84128688372004,24.039253884380646,34.813480369675595,b04321ec129b06ad,normal
1700115300.0186954,59.28635302212602,22.560338875449176,339.7874682300002,ae2c3245bf092b8c,normal
1700118894.55632,262.52400067292524,13.32440218431694,589.3758563091175,c407cb00cacd0d69,normal
1700067414.9348783,176.53762752371978,24.58162102878327,590.8664725024979,8e436ef8af0de157,normal
1700308601.4070206,382.9479816623161,0.021915815470724395,530.2942645623913,b977f1c37ddbf8e4,anomalous
1700271598.8810506,160.696382014741,6.952535663490865,457.76702281261726,460602a458658b92,normal
1700146897.475684,97.26333361968263,28.370152675007624,156.5633683198931,2399db01fb008db2,normal
1700106695.3280602,160.16236649753336,17.358758974369465,315.5414901077058,580802f412e6222f,normal
1700157927.2432666,339.53910845675773,17.82696628554535,83.8625381660911,c41d5b8d56d26ce4,normal
1700197724.0506372,178.92045747222042,16.578006801477738,195.4957764912573,ad3e42af8fd3c3fb,normal
1700311544.864198,134.1657439333333,13.174506270617787,-3.8849425003365283,8255d1fe237309c7,anomalous
1700246201.849242,76.29879277626871,22.455101727116627,502.3384679052293,206aff4b351ebd7e,normal
1700303637.9601374,110.25973228902348,16.757191105288975,1.257915800144238,bd508f208f2ff4f7,anomalous
1700297207.5494366,373.501415793363,24.826780973330703,527.6909324606128,96e08f65161c37f8,normal
1700191447.0354753,164.7327022428951,15.572849430719234,258.4527240636453,d2ca3819cb355bbf,normal
1700282550.0119789,170.93794712650612,24.2552981712317,335.94997937088385,41e1afba69efe1f3,normal
1700267739.2322433,206.584425481442,22.73593434860984,460.01091038934595,67db264b0fb8d0f3,normal
1700199602.4323967,200.1846050142399,21.251233828189054,39.937615581839076,982c89b343663bcc,normal
1700281093.7630813,101.25266109494285,22.68914646229708,356.1768982350517,4e529c368446e150,normal
1700172888.0357907,375.35052044852756,1.517967816080244,124.80224983636556,6739ba4222290ff7,normal
1700210134.2320397,316.7879719062291,29.62840362920912,33.11395161960864,df9c7f6d462800fe,normal
1700181019.4484806,88.03343978149397,1.3995433035274596,392.54432425032763,2e91becaf59407a2,normal
1700245285.8352826,125.82170337205535,21.06466768847119,214.08945658272518,1f58eeb3fa7506ae,normal
1700024224.0440378,274.8691465984417,23.590894282765742,468.7891367589407,bc00432a7fe9cc1f,normal
1700073917.4477122,102.28095472885278,28.884939256689943,411.13605093448615,c83064715ca78a8e,normal
1700215207.3773148,218.48138904158037,17.575523750694845,325.96546640531176,906ba13f506ec9f0,normal
1700287811.0824714,241.1189233618279,18.882529010482575,562.4593913134934,1316cd9d1deba244,normal
1700046814.3345497,255.25581055517858,15.30540929966933,296.6675377289439,385d28823bd8c0fb,normal
1700163529.7021263,83.31563841794095,1.016475748509389,134.06509306944406,b49d79948231a81f,normal
1700010171.1959174,64.56496085166236,15.325733758091049,252.40540429151272,025bb2dc4bbb7fcc,normal
1700169453.5039458,315.7693850078356,17.065452648688925,140.58133299893612,bb5bc091161dc8ab,normal
1700050009.47384,296.06171299461244,19.379323419008625,170.42315342748424,52ef1f7636c9b6bd,normal
1700202500.736557,390.22456199581,21.537350116014405,178.92536834084504,052372a2dedfb95f,normal
1700291499.8174984,349.3073812694748,5.732166554860165,26.601877282162754,d2ca3819cb355bbf,normal
1700283244.466541,221.1414303704961,2.0819984796849003,166.19763406485592,50743041d4b46a6c,normal
1700281106.4941237,148.20601718646228,10.58741607008836,12.731042459718765,8225444868d350f7,normal
1700306129.449389,316.68186249746134,192.13504751670678,187.53057972843706,fcf398784abbd53b,anomalous
1700225020.021111,84.98314952107957,19.99488180184246,29.54555434140471,d78874f3ea51a204,normal
1700027043.391831,96.23599305554038,18.817012475715675,517.127845653907,cf73b4ca7e3bd35d,normal
1700176001.107807,306.59356609584086,11.700668045710003,581.8278573167246,447329fd55d30527,normal
1700073445.338843,328.6099947086324,16.086671944333823,12.419577375021877,df10fc31fc098bbf,normal
1700227668.503864,379.87661673171846,28.569280402615085,247.07922443754177,1316cd9d1deba244,normal
1700266140.7158017,215.9849034988853,17.55118757748714,446.6879296380981,4f79d527f2ce309d,normal
1700180188.0794702,66.58037735532142,9.311219182500585,414.0826913903737,cee4fc96890653ee,normal
1700212210.3203173,132.84569808431115,16.301454457529985,68.83579922661752,ad3e42af8fd3c3fb,normal
1700143252.612469,321.5268802529817,23.3836309536455,155.5556762081617,54ac3becddde7170,normal
1700274485.5050392,106.7629772303246,10.638936916048774,167.3374061224921,580802f412e6222f,normal
1700172622.7983553,261.192085120663,8.121415125474098,287.6383541825946,a1b798881c824994,normal
1700264764.90924,257.9335954329157,8.100787668617762,498.3865790158559,979442b1474f6d9d,normal
1700288845.013223,192.2757713184886,25.61439046675382,508.890150852778,1576f0f0c7b5cadb,normal
1700062705.4309404,62.544962996357114,28.83346114754739,262.61863325632146,eafa7f508f11c760,normal
1700121230.9791021,333.13936087736215,29.258096570156553,245.9714665900113,f7567dc197857b30,normal
1700245071.745826,90.9315315812229,3.9963628735462593,85.45671039237169,7af108a04dddb141,normal
1700268324.597816,211.34328864551472,19.633250748767466,585.3655726766018,76d021ce06da8d4e,normal
1700123466.9453685,343.1165103257219,4.407627085325444,561.8450906965929,021f3c3165ad58b6,normal
1700236041.6209402,103.72227188096667,17.897791390192005,512.9221480576775,f44de1935fd20587,normal
1700281274.670217,334.15455361565495,23.03786553022862,168.17609345477123,0f1b6837b09d1cff,normal
1700065903.1116254,102.65890404511592,2.3738465801589737,428.3770347500828,f4be3a874de0baaa,normal
1700001824.504249,129.53355262467193,17.082958823459208,268.831448302262,871280e1bb7a9600,normal
1700236643.227642,228.90031720048012,28.51074756956957,156.79917035429216,8e4eeae04ba573b2,normal
1700198518.347197,185.85384210232277,11.01611840191527,378.0366425571999,a55ac636363ee597,normal
1700294422.952918,76.17353697957228,4.194931308077861,556.5235657230016,43acfda85e8dcee2,normal
1700189993.5505402,332.2395550785575,9.945329052434754,461.2909630237826,dc1fb99bfcf683c9,normal
1700226675.1430202,51.362951233396416,13.91244446054518,120.80378590492876,66c876445830cbed,normal
1700170793.1219811,366.3664660784176,16.935314771201686,111.26948453978505,a9800df15d52276b,normal
1700223024.0034943,228.4071309567554,15.708513460161939,12.376342279898594,f560065033fe2d0f,normal
1700300530.6562672,203.72426273197158,13.966640957071274,580.2245583670094,a38844c5d4ccc77d,normal
1700210620.8006246,175.7215390437082,1.3171069122092485,454.8647930448015,90158a3231809777,normal
1700027549.9723122,323.9184366203414,24.05833033050949,358.2407926574807,f415a79bd2c6f2c3,normal
1700248671.322509,245.53600376626963,9.19349763731462,21.833921854678174,516977ec47efb930,normal
1700223517.3026137,389.47615906743306,6.014891925241011,228.29049311762898,09b28495b473954e,normal
1700179773.9967787,99.57363879051675,5.428013881401201,296.1127885443247,5e4086f8f7057243,normal
1700126004.3572657,209.74135026564588,12.203902259472272,292.3483417357114,884469cede0d51d7,normal
1700157661.2797527,366.01244067059923,27.735027688476812,583.5460175204909,c0ec4e97c576e1c9,normal
1700013699.518041,340.4264100963446,24.439292689864754,225.69875889815106,e667d361b596eb6a,normal
1700009084.2226326,252.72684912966358,6.12641070523772,187.04419136963824,09430f1805ffdb79,normal
1700239993.0170043,187.7099758959126,26.894244865517805,86.314675863404,5db09642399615c9,normal
1700258531.893327,135.61949646566006,1.3244158395194296,56.10229461535585,8961f75e70dcbfd0,normal
1700060524.4149203,162.87232150903284,5.507805358419252,148.61637666786444,696304d22db21e0e,normal
1700039318.7111926,191.4120367592681,14.750893154995925,307.46987937593053,dde43db281296204,normal
1700007685.1742141,176.63441369368667,3.541847660166929,380.0181429057386,22a2968b296f1514,normal
1700289003.3096023,134.93591503425944,11.633939276465405,20.5898830917369,102f1db72374a135,normal
1700069419.5255065,292.58339942539556,6.015374156820264,90.51260356604281,982c89b343663bcc,normal
1700152897.0213592,359.23544274829766,9.738290372215845,588.0872312346442,d99249bc7f6fa81c,normal
1700238031.847781,334.3039312646001,21.577193714498407,235.7790949241592,574000dd2705722c,normal
1700116073.4436762,165.7506233611369,26.48414497369365,473.0565789336916,8fa8b27279f4dab4,normal
1700088297.708449,211.38480055421766,20.138587732749084,437.07717638842115,b04321ec129b06ad,normal
1700130047.0960917,278.61715975798654,20.51274844586191,195.8368007773037,67ee0e18d97e2b31,normal
1700208100.1694093,340.74637856107597,2.500742622512659,94.32708626580798,0f1b6837b09d1cff,normal
1700120985.0076356,83.88355225674002,28.47227407615853,209.76394144769208,d2aa58d0fd57ad87,normal
1700184385.3788688,349.41637719625857,12.306794597305661,171.2949872742628,7d75e40282f3d86d,normal
1700156157.3723686,298.5059080191182,19.43125026629536,575.3165999153941,2f0d5af0f952d0d8,normal
1700040104.96519,62.620941997077296,13.133601280548952,193.63934223375654,58b76741c341b07c,normal
1700017989.7830899,374.6468928522777,12.529767620923279,78.63351317195504,699661540351fa62,normal
1700146740.9123156,143.11080541758284,8.949897416969643,482.61876014657753,6b7dbd2658ae6933,normal
1700200274.831441,313.0318460977877,15.722632926391558,80.30545631375638,5bba899f7489e3b7,normal
1700037126.9987214,265.7081394746365,2.228165995824846,37.42768741982088,4122aa141b14bccc,normal
1700311541.8995295,186.2669019570775,8.16496003114085,-6.849610998643191,458a0658ab05aa7d,anomalous
1700162082.7595377,222.1344034945185,16.331068605140437,557.1425118586654,bb105dc19bef35da,normal
1700258475.7910323,283.39164999165746,14.681953714421567,529.7347941976618,eafa7f508f11c760,normal
1700310053.7710302,293.08647695023353,0.018275164911067867,363.5212754877927,721d26811711ace6,anomalous
1700018460.9261017,373.68295025920946,1.7209252502014332,175.43550499482274,8338560c5207bf85,normal
1700251243.171053,135.87469272676935,7.073391162323438,265.75182246710625,5a144be3cf5c861f,normal
1700004221.0009987,119.96787086628791,1.21350582277916,88.15272774753933,88bb5728693995ba,normal
1700045688.690831,78.01724927616476,22.90457501104759,238.58076592594233,4b6c866311b89807,normal
1700011276.8859403,221.74744802408233,28.196967194274503,294.5617068487054,67ee0e18d97e2b31,normal
1700154287.4866276,247.23313293933808,15.372547267833149,428.59109730020435,def4b164409de678,normal
1700116414.665033,144.61962586976463,5.657061064962642,341.2213568252698,2e91becaf59407a2,normal
1700056593.453327,348.6706349004208,9.669365882448261,212.07869692866103,76e0ec6957252ecc,normal
1700234728.7487557,189.5256872986953,14.684540660455191,271.1290337104201,5e2a4d5dbef3d8c9,normal
1700065474.7345908,375.63461615620264,2.408509405561784,201.78776652264565,4b5a610809ce17db,normal
1700281362.3782387,332.7418683971987,20.63810288823639,87.70802171479785,4e5afb13fdb04aff,normal
1700244062.3574002,106.62386022729301,24.18586556582863,594.6451476055107,b1f163b03e916aee,normal
1700014846.3792253,160.57516814077755,23.38836053121865,313.7207244299372,9c5373487e99df8d,normal
1700270635.5320244,354.18215468148514,27.297410354560956,435.517815684623,b04321ec129b06ad,normal
1700103473.6547894,91.61862181188617,3.4934881532174087,452.1370322899806,ce02b04c00130f43,normal
1700229781.9661558,365.75238394315045,26.446832455503525,494.7252318582068,953ee9bc2382b15d,normal
1700220859.378849,242.01492076277265,7.238805324269958,139.88569788925287,a9a9003d7b46b61d,normal
1700223011.627152,254.96131651295292,23.662509342670226,575.0650846005866,f7a8a4b8317ba679,normal
1700090920.4955447,196.75534577473357,19.76508214615643,544.7163645111576,bb1ce65a3a5e685c,normal
1700216225.7680912,238.12768188802158,18.579696437746517,376.73257763733204,fbc3c98c1d7efb1f,normal
1700076921.679579,193.198992168679,18.451467920163545,350.68867738009016,5feacaa6c62ab7c2,normal
1700223289.0121207,168.90096895672687,8.244956546481939,265.0086265453138,ad3e42af8fd3c3fb,normal
1700143754.5123146,124.57622703965083,1.1248674943626806,501.8998456930366,f560065033fe2d0f,normal
1700141777.411486,341.94231220073783,20.758554708001043,244.71336706203962,75985cf181ac5c2d,normal
1700082271.08147,298.5858204675953,25.688704832663912,150.92908894880975,3cf5db996b2ea509,normal
1700251811.4373634,315.31267394024263,28.246800382606754,195.8979530841912,51373b1d2dd15243,normal
1700265694.027872,164.1569247012481,7.80549569838623,59.4781014504885,2e7eb4bd8833fa07,normal
1700082120.1523812,194.74877595848943,14.04591969837966,111.79778304592203,c3cd381d0aba791a,normal
1700307531.1562617,219.47472999802255,383.8072634357416,237.31567368619113,1aa284f900c8742a,anomalous
1700060697.9468455,246.52128804503462,23.96725832909985,173.53192528381788,ba85344e0500b4d8,normal
1700047260.6268585,284.57113937297424,23.124187552146342,391.24368482989325,1f58eeb3fa7506ae,normal
1700172763.2335408,338.5454399392225,27.84491339336501,110.11685388966117,2af45ee7568554f8,normal
1700224100.5292034,382.5006197009728,9.271411479322154,388.0255769274425,27bca1cae8e39194,normal
1700124444.8648698,150.11655564413834,28.966822651852887,117.67127754534802,447329fd55d30527,normal
1700216290.9781444,145.60478925393198,16.294593639085804,65.21005321823274,63420ef2f64a34de,normal
1700147702.3529336,129.68140137972495,2.4655436708516736,509.78654866634315,24c34feb61040cd4,normal
1700253314.9090862,125.87795100600566,8.962537060366628,75.49872515110692,eb26b2e88edbc49a,normal
1700237796.068686,291.063274465972,16.449472392798462,523.086357124129,4f79d527f2ce309d,normal
1700029516.3503778,364.4282915765375,23.113432265048917,203.51446620530172,51bf81d8c350cda3,normal
1700176551.9352775,125.33531186270244,25.927272869148045,441.81707572774627,b6594729ee9f253c,normal
1700120459.5044122,64.03325345547157,14.390088718350771,373.135293010937,58558d4f3dfd7880,normal
1700000526.5393708,391.4678230728646,23.073051357720235,61.03552199315147,4e5afb13fdb04aff,normal
1700303647.26572,218.02802631809,29.931791048327312,0.9948090630679524,1db48f28c5980f3e,anomalous
1700311540.1759107,195.96850918865175,26.504538812106414,-8.573229737924875,957e14cdf9947a5f,anomalous
1700174909.1377883,76.25605757303981,22.16364224426997,445.16316580685947,f3fa21ba15edbd17,normal
1700283758.417431,77.76091471350688,21.187374370777373,30.570199759904828,8ed953453b51557e,normal
1700022640.2266543,113.52444335878343,7.865601262027484,30.867661897611207,615845727804ef10,normal
1700062442.8123071,384.37229986573385,15.869229864703229,393.48866530557905,e4977e081448d854,normal
1700009918.790513,254.43428911945745,19.84555144508978,378.2487602179537,ce116436afa8416a,normal
1700286259.320967,217.72791451114216,1.76789393784394,300.70283847377607,849735272b267fe0,normal
1700239043.346016,351.19724434577125,7.565528671928688,88.00181453750301,eb26b2e88edbc49a,normal
1700158919.5939083,213.67835835757435,5.9217090478582595,210.90797462831713,9b1f96e21ad90186,normal
1700133508.0031002,349.6801513288126,19.300897843284737,384.5723628267537,df10fc31fc098bbf,normal
1700141532.698119,118.31493543652948,2.680414991605768,106.03098439476096,a42ff4c6068924f5,normal
1700311548.7491405,337.74454586643736,0.010832276778216798,41.77811683767065,ae80c3fa7d01dd95,anomalous
1700111934.883722,201.03165129057413,19.361326282196572,248.15827953319413,5a84099c474fb65f,normal
1700025665.82334,370.7218068383623,14.94640242070228,569.5704663956276,5ec4264827fa021d,normal
1700104177.829284,98.02394022671433,19.952654945115658,594.281132129487,2e7eb4bd8833fa07,normal
1700276304.2477431,110.55837247015393,29.884456897973283,185.48589144590818,58558d4f3dfd7880,normal
1700176110.1182017,126.85285727073196,14.45374629719145,109.01039480863801,90158a3231809777,normal
1700105882.9527366,196.52963056018058,22.979399243252956,159.8098699290799,67cf2e14f9b7bfe3,normal
1700239347.7372394,396.8053673007716,1.3520861267392634,304.39122340130825,f3301ebf6dd67254,normal
1700073506.3116612,361.37974758638904,12.455209961176136,60.9728180381905,94808aad922a8af3,normal
1700004132.848271,150.91483637558542,20.79236961527429,235.5496355229538,ed609d33f71628cc,normal
1700096487.2560477,98.41517454061723,23.455741134308486,504.308450409423,88bb5728693995ba,normal
1700186425.1600506,95.7631346817115,24.401382506267034,449.53096924900956,6b7dbd2658ae6933,normal
1700119670.7436912,232.1601053185297,14.44659572576353,19.262361539133494,ba85344e0500b4d8,normal
1700083096.1604998,231.18153245070516,15.227629549844284,467.52843442997687,871280e1bb7a9600,normal
1700049151.7183444,86.7429005636247,12.558022694344679,321.18956939772374,4bb1cc33c9d9cdfe,normal
1700259123.9357479,127.86878824505898,24.63140233787581,592.0424209273539,a990d06edc39cafc,normal
1700006081.044416,192.98502530362265,25.748689124776817,132.67788032761987,21f507c9d745ccf7,normal
1700200194.5259845,210.4317019065294,3.690778169675444,592.093587906679,c6e227bb5632fbac,normal
1700252528.267045,195.19820193415782,4.591849552749756,67.0288786866007,d138f124c0899aec,normal
1700150023.7814198,233.08167474776022,6.467376782350647,408.39325226430157,d4b5764d884a5cc0,normal
1700311540.5774868,161.17932728182262,3.405150463177018,-8.171653823493427,5c6768318335ed8f,anomalous
1700157843.3807285,74.95658696469589,29.704869006941333,76.46582491032369,96e08f65161c37f8,normal
1700255869.9658253,296.5389076421083,5.326341332704102,342.84777428583425,df5a3209a7c02e59,normal
1700175419.2799497,215.36403714757085,15.785080615654431,510.14216146178813,35da10eac7026f4a,normal
1700308071.112756,65.53905391870654,0.04988377236849112,56.64626379368039,899b095487bd3d41,anomalous
1700211535.0753434,313.5756457671784,26.883703349057527,476.4011481163894,a1a720015d866dea,normal
1700290204.8276503,90.63475776554479,2.1229554356408893,24.55626380854904,f096039bf89f7925,normal
1700057066.312117,79.68405693251708,10.91588121782415,116.61824075399734,1576f0f0c7b5cadb,normal
1700295544.2282038,154.82937159612607,7.730333359423847,37.35727462925658,3abd4018e7776373,normal
1700215452.9218063,254.0423917229463,17.97054918784392,245.54449151661711,bca75cc93d8228c2,normal
1700159585.7443984,165.57045345920596,20.895446215671104,506.03174030448264,b49d79948231a81f,normal
1700147062.0604239,106.67954958737091,19.53825987032893,25.894502610251614,a9a06bfe2fc40bec,normal
1700264266.522661,123.53049333823675,29.398053948017033,394.7927653977351,a2c463c1a77330d1,normal
1700229287.240924,119.11871815214735,25.96569888710882,299.08456720305827,580802f412e6222f,normal
1700077483.231494,213.67408981930876,6.705523241768308,561.5519148920644,d4b5764d884a5cc0,normal
1700006120.7345471,148.48436220769878,9.514218975233824,39.69013130499428,9bf53bbf7a28b201,normal
1700143097.0567927,200.48496746501672,13.542952204028618,162.43557518096418,76ec2b43f09b94c1,normal
1700084068.2864509,107.25190719853849,17.07808000915807,572.1572873185875,c921285c9440c4a6,normal
1700289701.9338918,226.04833863316063,20.484739987199266,66.5886096444848,3040d79227ecb5dd,normal
1700119148.039799,91.43967911253407,24.04776619410958,253.48347912915716,5a144be3cf5c861f,normal
1700248934.9119935,373.1593968085891,9.34646143387967,263.5894845301744,8338560c5207bf85,normal
1700105702.3290966,339.99142369357503,21.605450380537658,332.7907172517898,8ed953453b51557e,normal
1700237169.2920413,395.4306034213631,26.370674615349735,526.0643991481086,9f226cdbd59d9183,normal
1700037668.4000723,393.0095128439674,14.298258631296205,114.20227118378979,3773217f4de86bdf,normal
1700268477.5592399,360.2952697831974,3.828796496416497,152.9614239115231,6f7e316046fb29c7,normal
1700024589.4682243,184.78132363512373,19.54733486587619,280.36562252814196,5f74013e2581e6a2,normal
1700100771.7866964,68.48248549003863,1.01504358080546,45.17349571151194,96e08f65161c37f8,normal
1700145292.3753223,274.78834649879775,21.021656680949544,517.7795786005283,affc348ef10e40c0,normal
1700035112.74629,330.5186338007953,7.918031798194265,365.52548070039796,316a5f2ab04a4506,normal
1700311546.481747,154.06533413728624,7.095584522779692,-2.267393691727926,6da112f73ff96bfa,anomalous
1700265463.7791693,361.25564776852474,23.100117609875106,179.29686436978312,e60f57124c1c6fcc,normal
